/*
 Navicat Premium Data Transfer

 Source Server         : 京东云
 Source Server Type    : MySQL
 Source Server Version : 80043 (8.0.43)
 Source Host           : 117.72.101.170:3306
 Source Schema         : pig_health_smart_medicine

 Target Server Type    : MySQL
 Target Server Version : 80043 (8.0.43)
 File Encoding         : 65001

 Date: 10/10/2025 15:48:56
*/

SET NAMES utf8mb4;
SET FOREIGN_KEY_CHECKS = 0;

-- ----------------------------
-- Table structure for article_types
-- ----------------------------
DROP TABLE IF EXISTS `article_types`;
CREATE TABLE `article_types`  (
  `type_id` int NOT NULL AUTO_INCREMENT COMMENT '文章类型ID',
  `type_name` varchar(20) CHARACTER SET utf8mb4 COLLATE utf8mb4_0900_ai_ci NOT NULL COMMENT '文章类型名称',
  `create_time` datetime NULL DEFAULT CURRENT_TIMESTAMP COMMENT '创建时间',
  `update_time` datetime NULL DEFAULT CURRENT_TIMESTAMP ON UPDATE CURRENT_TIMESTAMP COMMENT '更新时间',
  PRIMARY KEY (`type_id`) USING BTREE
) ENGINE = InnoDB AUTO_INCREMENT = 20 CHARACTER SET = utf8mb4 COLLATE = utf8mb4_0900_ai_ci COMMENT = '文章类型' ROW_FORMAT = DYNAMIC;

-- ----------------------------
-- Records of article_types
-- ----------------------------
INSERT INTO `article_types` VALUES (1, '乳仔猪', '2025-04-04 04:58:52', '2025-04-04 04:58:52');
INSERT INTO `article_types` VALUES (2, '生长猪', '2025-04-05 12:23:46', '2025-04-05 12:23:46');
INSERT INTO `article_types` VALUES (3, '母猪', '2025-04-05 12:23:51', '2025-04-05 12:23:51');
INSERT INTO `article_types` VALUES (4, '饲养管理', '2025-04-05 12:23:56', '2025-04-05 12:23:56');
INSERT INTO `article_types` VALUES (5, '猪病防控', '2025-04-05 12:23:59', '2025-04-05 12:23:59');
INSERT INTO `article_types` VALUES (6, '阳光猪舍', '2025-04-05 16:37:48', '2025-04-05 16:37:48');
INSERT INTO `article_types` VALUES (7, '猪厂建设', '2025-04-06 06:06:20', '2025-04-06 06:06:20');
INSERT INTO `article_types` VALUES (9, '养猪达人', '2025-04-06 08:39:00', '2025-04-06 08:39:00');
INSERT INTO `article_types` VALUES (10, '饲料营养', '2025-04-06 08:39:19', '2025-04-06 08:39:19');
INSERT INTO `article_types` VALUES (11, '饲料生产', '2025-04-06 09:37:23', '2025-04-06 09:37:23');
INSERT INTO `article_types` VALUES (15, '饲料原料', '2025-04-06 11:06:36', '2025-04-06 11:06:36');

-- ----------------------------
-- Table structure for articles
-- ----------------------------
DROP TABLE IF EXISTS `articles`;
CREATE TABLE `articles`  (
  `id` int NOT NULL AUTO_INCREMENT COMMENT '文章ID',
  `title` varchar(255) CHARACTER SET utf8mb4 COLLATE utf8mb4_0900_ai_ci NOT NULL COMMENT '文章标题',
  `content` text CHARACTER SET utf8mb4 COLLATE utf8mb4_0900_ai_ci NOT NULL COMMENT '文章内容',
  `author` varchar(100) CHARACTER SET utf8mb4 COLLATE utf8mb4_0900_ai_ci NULL DEFAULT NULL COMMENT '作者',
  `create_time` datetime NULL DEFAULT CURRENT_TIMESTAMP COMMENT '创建时间',
  `update_time` datetime NULL DEFAULT CURRENT_TIMESTAMP ON UPDATE CURRENT_TIMESTAMP COMMENT '更新时间',
  `type_id` int NULL DEFAULT NULL COMMENT '文章类型ID，外键关联article_types表',
  PRIMARY KEY (`id`) USING BTREE,
  INDEX `type_id`(`type_id` ASC) USING BTREE,
  CONSTRAINT `articles_ibfk_1` FOREIGN KEY (`type_id`) REFERENCES `article_types` (`type_id`) ON DELETE RESTRICT ON UPDATE RESTRICT
) ENGINE = InnoDB AUTO_INCREMENT = 40 CHARACTER SET = utf8mb4 COLLATE = utf8mb4_0900_ai_ci COMMENT = '文章' ROW_FORMAT = DYNAMIC;

-- ----------------------------
-- Records of articles
-- ----------------------------
INSERT INTO `articles` VALUES (1, '为什么母猪生产完不吃食？', '<p style=\"padding-left: 40px; text-align: left;\">&nbsp; &nbsp;母猪在生产后很容易出现一些炎症、疾病以及一些应急反应，这些都可能<br><br>影响母猪的食欲，使其出现厌食的症状，而母猪厌食往往导致产乳量不足，<br><br>会影响仔猪的发育。从而给养殖户带来损失。<br>&nbsp; &nbsp;为什么会有这样的病情呢？产后食欲不振或不食<br>病因：①产前粗放饲养，产后喂精料过多，粗纤维不足，引起食欲紊乱。②<br><br>产后体质虚弱，消化力减退，或产后腹压突降，影响消化，或缺乏矿物质等<br><br>。③产道损伤继发细菌感染，引起体温升高和不食。④母猪吞食胎衣、死胎<br><br>，导致消化不良。⑤产房保温欠佳，通风不畅，致使消化减弱。<br>&nbsp;&nbsp;怎么能知道，有什么症状表现？ 症状：少食、厌食、废绝。精神委顿，喜<br><br>卧少动，粪球少而干，尿量减少、色黄，有的体温升高，表现消瘦。<br>&nbsp;&nbsp;遇到这种情况应该怎么样预防和治疗了？<br>预防：加强饲养管理，合理搭配<a class=\"relatedlink\" href=\"http://www.xumuren.com/feed\" target=\"_blank\" rel=\"noopener\">饲料</a>，尤其对怀孕母猪和哺乳母猪应喂给足<br><br>量的含蛋白质、维生素和矿物质丰富的饲料，如豆饼、花生饼、青绿多汁饲<br><br>料，经常补充饲料中钙、磷、食盐等矿物质，加强怀孕母猪的运动。建立吃<br><br>奶仔猪的哺乳制度，给仔猪早期补料，适时断奶，以减少母猪体内营养物质<br><br>的消耗。积极治疗原发病。<br>治疗：猪猪傻跑&nbsp;&nbsp;母仔康泰+红糖<br>&nbsp; &nbsp;猪猪傻跑可以增强免疫力，提高母猪的采食量。<br>母仔康泰可以解决母猪黄白痢，产后不用打消炎针，便秘的问题。它主要成<br><br>分：党参、黄芪等多种名贵中草药成分，采用微生态发酵技术精制而成。可<br><br>以长期添加。<br>&nbsp; &nbsp;这些配合着吃，很快缓解母猪症状，使母猪采食量高，奶水充足，解决母<br><br>猪问题，提高仔猪的成活率。<br>&nbsp; &nbsp;有什么需要详细了解的，欢迎您的热线咨询18003841590。天道集团，真<br><br>诚的为养殖户服务，知行合一。</p>', '卡德加', '2025-04-04 05:00:42', '2025-04-04 05:00:42', 1);
INSERT INTO `articles` VALUES (2, '为什么仔猪总是反复拉稀无法根治？', '<div class=\"auto-hide-last-sibling-br paragraph-qzbcQC paragraph-element br-paragraph-space\">无法根治！ 仔猪拉稀的首要原因是环境问题。</div>\n<p>&nbsp;</p>\n<div class=\"auto-hide-last-sibling-br paragraph-qzbcQC paragraph-element br-paragraph-space\">小猪刚出生的时候，环境是从母猪的肚子到猪圈，母猪子宫里的温度大概是 38 摄氏度。为了最大限度地减少仔猪的压力，仔猪棚内的温度最好保持在 30 摄氏度以上。</div>\n<p>&nbsp;</p>\n<div class=\"auto-hide-last-sibling-br paragraph-qzbcQC paragraph-element br-paragraph-space\">但是，很多养猪户并没有注意到这一点。他们把小猪培养箱的温度调到 25 摄氏度，或者根本不知道培养箱里有多少度也没有实际测量过，这是新生仔猪腹泻的主要原因。</div>\n<p>&nbsp;</p>\n<div class=\"auto-hide-last-sibling-br paragraph-qzbcQC paragraph-element br-paragraph-space\">最近有不少养殖户私信小编问家里的小猪仔总是复发反复拉稀，根本无法根治，这到底是什么原因造成的？</div>\n<p>&nbsp;</p>\n<div class=\"auto-hide-last-sibling-br paragraph-qzbcQC paragraph-element br-paragraph-space\">仔猪拉稀确实是养猪人比较头疼的病症之一，借此机会小编咨询了厂里的技术员，技术员将通过 3 个原因为广大用户解释一下为什么仔猪总是反复拉稀无法根治！</div>\n<p>&nbsp;</p>\n<div class=\"auto-hide-last-sibling-br paragraph-qzbcQC paragraph-element br-paragraph-space\">仔猪拉稀的首要原因是环境问题 。</div>\n<p>&nbsp;</p>\n<div class=\"auto-hide-last-sibling-br paragraph-qzbcQC paragraph-element br-paragraph-space\">小猪刚出生的时候，环境是从母猪的肚子到猪圈，母猪子宫里的温度大概是 38 摄氏度。为了最大限度地减少仔猪的压力，仔猪棚内的温度最好保持在 30 摄氏度以上。</div>\n<p>&nbsp;</p>\n<div class=\"auto-hide-last-sibling-br paragraph-qzbcQC paragraph-element br-paragraph-space\">但是，很多养猪户并没有注意到这一点。他们把小猪培养箱的温度调到 25 摄氏度，或者根本不知道培养箱里有多少度也没有实际测量过，这是新生仔猪腹泻的主要原因。</div>\n<p>&nbsp;</p>\n<div class=\"auto-hide-last-sibling-br paragraph-qzbcQC paragraph-element br-paragraph-space\">要想仔猪不腹泻，首先我们要把好温度关，尤其是对于夜间的温度。</div>\n<p>&nbsp;</p>\n<div class=\"auto-hide-last-sibling-br paragraph-qzbcQC paragraph-element br-paragraph-space\">曾经有一个不少养猪朋友问到腹泻难治，我问猪栏温度达到多少，他们说白天工作温度要求很高，没有解决问题，可是夜间的温度就没有进行关注过。</div>\n<p>&nbsp;</p>\n<div class=\"auto-hide-last-sibling-br paragraph-qzbcQC paragraph-element br-paragraph-space\">我让他们夜间去猪栏测量分析一下环境温度，结果发现只有十几度，这样养小猪能不拉稀吗？所以说养猪是个细心活，得考虑仔细。</div>\n<p>&nbsp;</p>\n<div class=\"auto-hide-last-sibling-br paragraph-qzbcQC paragraph-element br-paragraph-space\">其次注意仔猪断奶前做好饲料引导。</div>\n<p>&nbsp;</p>\n<div class=\"auto-hide-last-sibling-br paragraph-qzbcQC paragraph-element br-paragraph-space\">仔猪断奶时，进入肠道的食物由奶类变为饲料，即由动物饲料变为植物饲料、两者差别很大。</div>\n<p>&nbsp;</p>\n<div class=\"auto-hide-last-sibling-br paragraph-qzbcQC paragraph-element br-paragraph-space\">仔猪胃肠发育不完善，尤其是缺乏消化植物性饲料的酶，小猪消化不了，自然拉肚子。</div>\n<p>&nbsp;</p>\n<div class=\"auto-hide-last-sibling-br paragraph-qzbcQC paragraph-element br-paragraph-space\">解决这些仔猪断奶肠道环境应激过程中应该从两点问题出发：一是可以尽早补料，二是企业做好断奶保健。</div>\n<p>&nbsp;</p>\n<div class=\"auto-hide-last-sibling-br paragraph-qzbcQC paragraph-element br-paragraph-space\">最好的补料时间是仔猪出生 7 天后，这个日龄的小猪他们不会吃料，我们的主要研究目的是让它们闻味儿。补料两三天之后，仔猪就开始多多少少吃一些。</div>\n<p>&nbsp;</p>\n<div class=\"auto-hide-last-sibling-br paragraph-qzbcQC paragraph-element br-paragraph-space\">最近有不少养殖户私信小编问家里的小猪仔总是复发反复拉稀，根本无法根治，这到底是什么原因造成的？</div>\n<p>&nbsp;</p>\n<div class=\"auto-hide-last-sibling-br paragraph-qzbcQC paragraph-element br-paragraph-space\">仔猪拉稀确实养猪人比较头疼的病症之一，借此机会小编咨询了厂里的技术员，技术员将通过 3 个原因为广大用户解释一下为什么仔猪总是反复拉稀无法根治！</div>\n<p>&nbsp;</p>\n<div class=\"auto-hide-last-sibling-br paragraph-qzbcQC paragraph-element br-paragraph-space\">仔猪拉稀的首要原因是环境问题 。</div>\n<p>&nbsp;</p>\n<div class=\"auto-hide-last-sibling-br paragraph-qzbcQC paragraph-element br-paragraph-space\">小猪刚出生的时候，环境是从母猪的肚子到猪圈，母猪子宫里的温度大概是 38 摄氏度。为了最大限度地减少仔猪的压力，仔猪棚内的温度最好保持在 30 摄氏度以上。</div>\n<p>&nbsp;</p>\n<div class=\"auto-hide-last-sibling-br paragraph-qzbcQC paragraph-element br-paragraph-space\">但是，很多养猪户并没有注意到这一点。他们把小猪培养箱的温度调到 25 摄氏度，或者根本不知道培养箱里有多少度也没有实际测量过，这是新生仔猪腹泻的主要原因。</div>\n<p>&nbsp;</p>\n<div class=\"auto-hide-last-sibling-br paragraph-qzbcQC paragraph-element br-paragraph-space\">要想仔猪不腹泻，首先我们要把好温度关，尤其是对于夜间的温度。</div>\n<p>&nbsp;</p>\n<div class=\"auto-hide-last-sibling-br paragraph-qzbcQC paragraph-element br-paragraph-space\">曾经有一个不少养猪朋友问到腹泻难治，我问猪栏温度达到多少，他们说白天工作温度要求很高，没有解决问题，可是夜间的温度就没有进行关注过。</div>\n<p>&nbsp;</p>\n<div class=\"auto-hide-last-sibling-br paragraph-qzbcQC paragraph-element br-paragraph-space\">我让他们发展夜间去猪栏测量分析一下环境温度，结果发现只有十几度，这样养小猪能不拉稀吗？所以说养猪是个细心活，得考虑仔细。</div>\n<p>&nbsp;</p>\n<div class=\"auto-hide-last-sibling-br paragraph-qzbcQC paragraph-element br-paragraph-space\">其次注意仔猪断奶前做好饲料引导。</div>\n<p>&nbsp;</p>\n<div class=\"auto-hide-last-sibling-br paragraph-qzbcQC paragraph-element br-paragraph-space\">仔猪断奶时，进入肠道的食物由奶类变为饲料，即由动物饲料变为植物饲料、两者差别很大。</div>\n<p>&nbsp;</p>\n<div class=\"auto-hide-last-sibling-br paragraph-qzbcQC paragraph-element br-paragraph-space\">仔猪胃肠发育不完善，尤其是缺乏消化植物性饲料的酶，小猪消化不了，自然拉肚子。</div>\n<p>&nbsp;</p>\n<div class=\"auto-hide-last-sibling-br paragraph-qzbcQC paragraph-element br-paragraph-space\">解决这些仔猪断奶肠道环境应激过程中应该从两点问题出发：一是可以尽早补料，二是企业做好断奶保健。</div>\n<p>&nbsp;</p>\n<div class=\"auto-hide-last-sibling-br paragraph-qzbcQC paragraph-element br-paragraph-space\">最好的补料时间是仔猪出生 7 天后，这个日龄的小猪他们不会吃料，我们的主要研究目的是让它们闻味儿。补料两三天之后，仔猪就开始多多少少吃一些。</div>\n<p>&nbsp;</p>\n<div class=\"auto-hide-last-sibling-br paragraph-qzbcQC paragraph-element br-paragraph-space\">而有些养猪人误以为，母猪的奶水够吃，就不用补料，断奶后直接影响开始吃饲料。这是一个大错特错的，这样对于仔猪断奶肯定要拉稀的。</div>\n<p>&nbsp;</p>\n<div class=\"auto-hide-last-sibling-br paragraph-qzbcQC paragraph-element br-paragraph-space\">即使是自己已经通过提前补料，因为作为断奶时仔猪的胃肠道系统功能弱，并且学生没有了奶水中母源抗体的保护工作容易发生感染相关疾病，我们还要在中国饲料里加入健美猪益生菌饲料添加剂和一些阿莫西林来进行自我保健以及预防。做好补料和断奶保健，仔猪断奶就不那么容易拉稀。</div>\n<p>&nbsp;</p>\n<div class=\"auto-hide-last-sibling-br paragraph-qzbcQC paragraph-element br-paragraph-space\">仔猪出现经常性的腹泻还有可能是母猪自带的病毒。</div>\n<p>&nbsp;</p>\n<div class=\"auto-hide-last-sibling-br paragraph-qzbcQC paragraph-element br-paragraph-space\">母猪在分娩时身体虚弱易受细菌感染，所以乳汁中难免会有细菌或细菌产生毒素，仔猪吃这样的乳汁，怎么能不腹泻呢？</div>\n<p>&nbsp;</p>\n<div class=\"auto-hide-last-sibling-br paragraph-qzbcQC paragraph-element br-paragraph-space\">即使我们给仔猪用药控制腹泻，问题的根源不解决，也会出现反复的情况。</div>\n<p>&nbsp;</p>\n<div class=\"auto-hide-last-sibling-br paragraph-qzbcQC paragraph-element br-paragraph-space\">因此，母猪养殖后一定要做好消炎工作，不仅要保证母猪的健康和身体的恢复，还要使仔猪能够吃到干净的乳汁。</div>\n<p>&nbsp;</p>\n<div class=\"auto-hide-last-sibling-br paragraph-qzbcQC paragraph-element br-paragraph-space\">哺乳期仔猪腹泻时，应当遵循 &ldquo;母婴治疗&rdquo; 的原则，对母猪也要使用适当的药物和益生菌饲料添加剂。</div>', '卡德加', '2025-04-04 07:34:23', '2025-04-04 07:34:23', 1);
INSERT INTO `articles` VALUES (3, '猪肺炎的治疗', '<div class=\"auto-hide-last-sibling-br paragraph-qzbcQC paragraph-element br-paragraph-space\">一、生理机制与现象观察<br class=\"container-eLPxqH wrapper-wt12I4 undefined\">\"肝开窍于目，泪为肝之液\" 的中医理论表明，泪液分泌与肝脏功能密切相关。正常情况下，泪液通过冲刷眼表、分泌溶菌酶等方式维持眼部健康。然而在集约化养殖环境中，部分母猪出现以下异常表现：</div>\n<p>&nbsp;</p>\n<ol class=\"auto-hide-last-sibling-br\">\n<li>眼周脏污：眼眦部形成黑色眼屎与泪痕（初级阶段）</li>\n<li>脊背铁锈线：背部皮肤出现出血点或渗血痕迹（中级阶段）</li>\n<li>耳廓脏污：耳内出现血渍结痂（中高级阶段）</li>\n<li>被毛粗乱：毛发失去光泽且易断裂（全身性表现）</li>\n</ol>\n<p>&nbsp;</p>\n<div class=\"auto-hide-last-sibling-br paragraph-qzbcQC paragraph-element br-paragraph-space\">二、毒素蓄积的三大诱因<br class=\"container-eLPxqH wrapper-wt12I4 undefined\">母猪体内毒素蓄积超过肝脏解毒能力（肝脏承担 70% 以上的代谢解毒功能），主要由以下因素导致：</div>\n<p>&nbsp;</p>\n<div class=\"auto-hide-last-sibling-br paragraph-qzbcQC paragraph-element br-paragraph-space\">（一）饲料源性毒素</div>\n<p>&nbsp;</p>\n<ol class=\"auto-hide-last-sibling-br\">\n<li>\n<div class=\"auto-hide-last-sibling-br paragraph-qzbcQC paragraph-element br-paragraph-space\">霉菌毒素污染：</div>\n<ul class=\"auto-hide-last-sibling-br\">\n<li>玉米赤霉烯酮（ZEA）超标率达 42.3%（2024 年检测数据）</li>\n<li>黄曲霉毒素 B1（AFB1）隐性污染常见于玉米、花生粕</li>\n<li>呕吐毒素（DON）引发肠道炎症和采食量下降</li>\n</ul>\n</li>\n<li>\n<div class=\"auto-hide-last-sibling-br paragraph-qzbcQC paragraph-element br-paragraph-space\">氧化油脂：</div>\n<ul class=\"auto-hide-last-sibling-br\">\n<li>酸败脂肪产生的过氧化物损伤肝脏微粒体酶系统</li>\n</ul>\n</li>\n</ol>\n<p>&nbsp;</p>\n<div class=\"auto-hide-last-sibling-br paragraph-qzbcQC paragraph-element br-paragraph-space\">（二）医源性损伤</div>\n<p>&nbsp;</p>\n<ol class=\"auto-hide-last-sibling-br\">\n<li>\n<div class=\"auto-hide-last-sibling-br paragraph-qzbcQC paragraph-element br-paragraph-space\">抗生素滥用：</div>\n<ul class=\"auto-hide-last-sibling-br\">\n<li>革兰氏阴性菌死亡释放内毒素（LPS）</li>\n<li>每公斤体重摄入 25&mu;g LPS 即可引发仔猪剧烈炎症反应</li>\n<li>长期用药导致肠道菌群失调（有益菌减少 60-80%）</li>\n</ul>\n</li>\n<li>\n<div class=\"auto-hide-last-sibling-br paragraph-qzbcQC paragraph-element br-paragraph-space\">疫苗应激：</div>\n<ul class=\"auto-hide-last-sibling-br\">\n<li>油佐剂疫苗引发局部肉芽肿</li>\n<li>频繁免疫加重肝脏代谢负担</li>\n</ul>\n</li>\n</ol>\n<p>&nbsp;</p>\n<div class=\"auto-hide-last-sibling-br paragraph-qzbcQC paragraph-element br-paragraph-space\">（三）环境与管理因素</div>\n<p>&nbsp;</p>\n<ol class=\"auto-hide-last-sibling-br\">\n<li>集约化养殖限制：\n<ul class=\"auto-hide-last-sibling-br\">\n<li>妊娠期活动空间不足 0.8㎡/ 头</li>\n<li>限位栏饲养导致肝脏血液循环障碍</li>\n</ul>\n</li>\n<li>温湿度应激：\n<ul class=\"auto-hide-last-sibling-br\">\n<li>夏季热应激使肝脏解毒效率下降 30%</li>\n<li>冬季低温引发脂肪代谢紊乱</li>\n</ul>\n</li>\n</ol>\n<p>&nbsp;</p>\n<div class=\"auto-hide-last-sibling-br paragraph-qzbcQC paragraph-element br-paragraph-space\">三、毒素蓄积的链式反应<br class=\"container-eLPxqH wrapper-wt12I4 undefined\">（一）对母猪的直接危害</div>\n<p>&nbsp;</p>\n<ol class=\"auto-hide-last-sibling-br\">\n<li>\n<div class=\"auto-hide-last-sibling-br paragraph-qzbcQC paragraph-element br-paragraph-space\">繁殖障碍：</div>\n<ul class=\"auto-hide-last-sibling-br\">\n<li>子宫炎发病率增加 2.3 倍</li>\n<li>胚胎着床率下降 18-25%</li>\n<li>断奶后发情间隔延长至 14 天以上</li>\n</ul>\n</li>\n<li>\n<div class=\"auto-hide-last-sibling-br paragraph-qzbcQC paragraph-element br-paragraph-space\">免疫抑制：</div>\n<ul class=\"auto-hide-last-sibling-br\">\n<li>巨噬细胞活性降低 40%</li>\n<li>血清 IgG 水平下降 25%</li>\n<li>对蓝耳病等病毒易感性增加</li>\n</ul>\n</li>\n</ol>\n<p>&nbsp;</p>\n<div class=\"auto-hide-last-sibling-br paragraph-qzbcQC paragraph-element br-paragraph-space\">（二）对仔猪的代际传递</div>\n<p>&nbsp;</p>\n<ol class=\"auto-hide-last-sibling-br\">\n<li>\n<div class=\"auto-hide-last-sibling-br paragraph-qzbcQC paragraph-element br-paragraph-space\">肝源性腹泻：</div>\n<ul class=\"auto-hide-last-sibling-br\">\n<li>胆汁分泌不足导致乳脂消化障碍</li>\n<li>1-3 日龄仔猪发病率可达 100%</li>\n<li>常规抗菌药物治疗无效</li>\n</ul>\n</li>\n<li>\n<div class=\"auto-hide-last-sibling-br paragraph-qzbcQC paragraph-element br-paragraph-space\">先天性免疫缺陷：</div>\n<ul class=\"auto-hide-last-sibling-br\">\n<li>初乳 IgA 含量减少 30%</li>\n<li>胸腺发育指数降低 22%</li>\n<li>断奶前死亡率增加 15-20%</li>\n</ul>\n</li>\n</ol>\n<p>&nbsp;</p>\n<div class=\"auto-hide-last-sibling-br paragraph-qzbcQC paragraph-element br-paragraph-space\">四、防控体系构建（建议补充内容）</div>\n<p>&nbsp;</p>\n<ol class=\"auto-hide-last-sibling-br\">\n<li>\n<div class=\"auto-hide-last-sibling-br paragraph-qzbcQC paragraph-element br-paragraph-space\">毒素监测：</div>\n<ul class=\"auto-hide-last-sibling-br\">\n<li>每月检测饲料中 18 种霉菌毒素（LC-MS/MS 法）</li>\n<li>定期评估肝脏功能（ALT、AST 指标）</li>\n</ul>\n</li>\n<li>\n<div class=\"auto-hide-last-sibling-br paragraph-qzbcQC paragraph-element br-paragraph-space\">营养调控：</div>\n<ul class=\"auto-hide-last-sibling-br\">\n<li>添加复合型霉菌毒素吸附剂</li>\n<li>补充胆汁酸（200-300g / 吨）</li>\n<li>应用益生菌（枯草芽孢杆菌&ge;1&times;10^9 CFU/g）</li>\n</ul>\n</li>\n<li>\n<div class=\"auto-hide-last-sibling-br paragraph-qzbcQC paragraph-element br-paragraph-space\">饲养管理：</div>\n<ul class=\"auto-hide-last-sibling-br\">\n<li>妊娠期每日运动 30 分钟</li>\n<li>分娩前后添加维生素 C（2000mg / 头 / 日）</li>\n<li>控制产房温度 22-24℃</li>\n</ul>\n</li>\n<li>\n<div class=\"auto-hide-last-sibling-br paragraph-qzbcQC paragraph-element br-paragraph-space\">精准用药：</div>\n<ul class=\"auto-hide-last-sibling-br\">\n<li>采用药敏试验指导抗生素使用</li>\n<li>避免产前 7 天使用长效抗生素</li>\n<li>免疫前后添加免疫增强剂</li>\n</ul>\n</li>\n</ol>', '卡德加', '2025-04-04 07:34:47', '2025-04-04 07:34:47', 1);
INSERT INTO `articles` VALUES (4, '如何提高仔猪成活率确保养猪盈利？', '\n提高仔猪成活率是养猪盈利的关键，本文为您分享以下提高仔猪成活率的措施：\n文章来源微信公众号：伟业集团（我们每天准时更新猪价资讯、行情动态、猪病预防....）\n\n1、母猪科学饲养管理\n\n对于妊娠期母猪要合理科学饲喂，满足妊娠各个阶段胎儿营养需求。使母猪获得合理膘情，加之合理适当运动。使得母猪顺利分娩，分泌高质足量的乳汁使得仔猪健康成长。\n\n具体做法有：配种后20天限量饲喂。每日3-4斤左右配合料。中期4-5斤料。适当运动，选用优质料，拒绝霉变料。后一个月每日增加3-4两的饲喂量有条件增加青饲，最后一周减少饲喂量至正常量。生产当日停止饲喂。\n\n2 、生产必须人工监护\n\n人工监护可以及时救助弱仔，假死仔，生产助产等。尤其是后备头胎，有不认猪仔，拱咬等现象。能够及时得到救助。\n\n3 、防寒保暖\n\n仔猪出生后要及时擦干身体防止热量过度散发，及时放置到适宜仔猪温度的保温箱里。（1日龄32-35度。2-3日龄32-30度。3-7日龄28-30度）有保温灯的。猪仔与灯的距离要在40公分以上防治烤伤仔猪。\n\n4、 固定乳头，早吃初乳\n\n理论上是母猪靠前面的乳头乳汁产乳量高，所以要尽量把弱小的崽崽放到前面哺乳，但要监护好。要让仔猪尽早吃上初乳。产生抵抗病菌，增强免疫力的抗体。要在生后6小时内保证每个猪仔吃到足量的初乳。适应这个新环境。\n\n5 、仔猪保健\n\n猪出生后24小时内剪牙断尾。72小时内完成补铁补血。也可以做3针保健。即，仔猪出生后2天内注射3针。\n\n1.肌注磺胺嘧啶或口服预防黄白痢。\n\n2.肌注补铁剂，防治贫血。\n\n3.肌注亚硒酸钠和维生素E防治白肌病和水肿病。\n\n6 、消毒，预防腹泻\n\n为了切断仔猪与病原菌的接触，母猪进产房前要消毒，断脐，剪牙，断尾，工具要消毒。仔猪哺乳前母猪乳房要消毒。仔猪保温箱带猪崽撒干粉消毒剂预防腹泻等。\n文章来源微信公众号：伟业集团（我们每天准时更新猪价资讯、行情动态、猪病预防....）\n\n7 、饮水，补饲\n\n仔猪出生后3天后要饮水。7日后要补充代乳品，以减轻母猪哺乳压力。供给仔猪充足营养。\n\n8、救助弱仔及代养\n\n对于弱仔无法自己哺乳的要人工喂足3日初乳约50毫升。之后由代乳品喂养。产仔过多的也可由同期生产，产仔少的母猪代养，或有同期断奶的母猪代养。以提高仔猪成活率。\n\n经验分享：\n\n两个小猪争一个奶头一般情况下，每一个仔猪都有一个固定的乳头。但有时也出现两个仔猪共吃一个乳头的情况。有时是因为仔猪数多于有效乳头，有时是因为被寄养的仔猪无法找到合适的乳头，也有时是强壮的仔猪在吃完自家乳头的奶后，去抢吃其它猪的乳头。如果出现两个猪争一个奶头的情况，必然会出现一头仔猪因吃奶不足而变弱，最后成为僵猪。所以，生产中应尽量避免这种情况的出现，一旦发现后应及时通过寄养等措施，以防弱猪的出现。\n\n9、 断奶\n\n仔猪21天就可以断奶，根据自身条件可以在21-35天之内或45天内断奶。断奶越早产出率越高。效益越大。也可分期断奶，减少母猪应激。兼顾弱小仔猪生长。断奶仔猪喂料不要过于饱。最好添加防治腹泻的添加剂益生菌之类。使仔猪安全度过断奶期。获得健康生长的先决条件。\n\n尤其是冬季母猪到了预产期，产房首先要做好消毒，调控好温度。尤其是保温箱必须温度达标（30度以上）。条件不好没有产床的要及时清理猪仔屎尿及大猪粪便，保持产房干燥', '伟业集团', '2025-04-04 07:34:54', '2025-04-04 07:34:54', 1);
INSERT INTO `articles` VALUES (6, '使用小猪保育床有什么好处？', '<p>保育猪在保育舍待到多大?猪在保育床上要养到多大?养小猪为什么要使用保育舍?对于<a class=\"relatedlink\" href=\"http://www.xumuren.com/pigs/\" target=\"_blank\" rel=\"noopener\">养猪</a>新手而言，很多人都抱着能省就省的想法，但是并不打算用保育舍，那么使用小猪保育床的好处有哪些呢?&mdash;猪催肥<br>　　保育床是猪场必不可少的养猪设备<br>　　仔猪保育床又被称之为仔猪保育栏，主要是用于35日龄的断奶仔猪，科学的仔猪饲养过程是：断奶前在产床上活动，断奶期便将母猪赶走，仔猪还需要在产床上饲养一个星期左右(用来减少转群应激)，然后再转到保育床上进行饲养。但国内很多养猪户认为仔猪断奶之后就不需要保育，其实这个想法一开始就是错误的，虽然断奶之后仔猪可以自主吃食，但是仔猪毕竟很弱小，抵抗力依旧很弱，而且受环境的影响很大，如果不进行保育过度的话，就会大大降低仔猪的存活率。因此仔猪保育阶段必不可少，保育床同样也是猪场中必不可少的养猪设备。<br>　养小猪为什么需要使用它的主要原因。使用小猪保育床好处有：<br>　　1、保育床可以帮助小猪减少转群应激。小猪在转群之前是在产床上进行饲养，保育床与产床上小猪活动栏较为相似，这样有助于仔猪尽快适应养殖环境并减少应激。<br>　　2、小猪保育床有助于隔离粪便、降低仔猪患病率。保育床离地面有大约30㎝的高度，而且采用的是塑料漏粪地板，这样可以给小猪提供一个清洁、干燥、温暖、空气新鲜的生长环境，能够减少小猪的患病率并提高猪场的生产效率。<br>　　3、便于管理。一窝小猪大约有15只左右，大型猪场一般要同时管理几十窝仔猪，任务十分艰巨，然而使用小猪保育床就不同了，小猪保育栏主要由漏缝地板、围栏、自动食槽构成，猪场只需要在保育床下面设粪尿沟，就能够节省掉日常的清洗劳力。而且猪场每天只需要派一个人来记录每窝仔猪的生长健康状况，就可以轻松实现小猪的规模化管理。<br>　　保育猪在保育舍待多大?猪在保育床上养到多大?<br>　　仔猪保育栏一般适用于35日龄断奶之后仔猪培育使用，仔猪粪便会通过漏缝地板落入粪池，因而避免了猪群因粪便污染导致的疾病、提高了成活率。<br>　　保育床仔猪保育栏特点：<br>　　采用塑料漏粪板，保温效果好、质地柔和，并且不会伤害到小猪猪蹄。<br>　　大小尺寸设计合理 满足整窝猪转群需要。</p>', '卡德加', '2025-04-04 08:20:58', '2025-04-04 08:20:58', 1);
INSERT INTO `articles` VALUES (7, '想要猪长得壮长得快 必须做好仔猪饲养管理', '<p>养殖户在<a class=\"relatedlink\" href=\"http://www.xumuren.com/pigs/\" target=\"_blank\" rel=\"noopener\">养猪</a>过程中总会碰见这种类型的猪：每天正常给这些猪喂料，可它们却始终不长膘，这可让养殖户发愁：<a class=\"relatedlink\" href=\"http://www.xumuren.com/feed\" target=\"_blank\" rel=\"noopener\">饲料</a>喂了却没有长膘简直是浪费钱。其实想要猪长得又快又好必需从仔猪抓起，只有把基础打好了后期猪的生长就快多了!<br>　　仔猪饲养管理-<br>　　1、管理好怀孕母猪，提高母猪泌乳量<br>　　初生仔猪长的壮不壮跟母乳有很大关系，若母乳充足、营养丰富可大大提高仔猪初生重，以后长膘就容易多了!根据母猪胚胎和乳腺的发育规律可以把母猪怀孕期划分成五个阶段进行饲养，提高母猪的泌乳量从而提高仔猪的初生重。母猪怀孕期各阶段划分和饲喂要求为：怀孕4～30天每天投料1.8～2.5公斤;31～60天每天投料1.2～1.8公斤;61～85天每天投料1.8~2.5公斤;86～100天每天投料2.8~3公斤;101天至产前2天每天投料3.5～4公斤。<br>　　养殖户在养猪过程中总会碰见这种类型的猪：每天正常给这些猪喂料，可它们却始终不长膘，这可让养殖户发愁：<br>　　2、需做好初生仔猪的早期管理<br>　　仔猪早期要做好保温工作之外还要保证仔猪吃足初乳，若有的母猪产仔过多导致有的仔猪吃不上母乳，可选择合适的母猪寄养以保证仔猪获得充足的母乳。<br>　　3、减少应激<br>　　应激给猪带来的伤害可不小，尤其是断奶给仔猪造成的应激，还有其他环境的应激易引发猪不吃食、睡不好，久而久之延缓猪的生长降低抵抗力，导致猪容易好生病因为影响生长。因此当仔猪快断奶时，可以在人为的操纵下，减少仔猪吃奶的次数或降低母猪饲料的营养，将仔猪吃母乳的习惯转移到吃料慢慢过渡最好。另外保育舍要时常通风，保持干燥并注意保温;保育舍还要注意清洁卫生以减少换猪舍带来的应激。<br>　　4、全进全出<br>　　有些养殖户习惯把相对小的保育仔猪留栏饲养，这种做法会造成不同日龄的仔猪混圈不利于猪舍的彻底消毒。况且断奶仔猪常生病，采用全进全出的管理方式效果会更好。<br>　　5、加强营养，防止发病<br>　　仔猪断奶会有一段适应期，可以在仔猪断奶的前几天在饮水中添加一些葡萄糖、红糖、奶粉等为仔猪补充能量，同时还可以在仔猪饮水中添加一些防治下痢、呼吸道疾病等药物提前做好预防。<br>　　6、加强管理，搞好卫生<br>　　仔猪的饲养管理可采用三点定位法，让仔猪养成吃、拉、睡分别在固定地点的习惯;喂仔猪料可采用少喂多添的方法，保证仔猪能吃饱;若出现仔猪生长不匀称的情况需尽快调群或给小仔猪补餐，使仔猪生长匀称。另外仔猪的饲养密度一般为18~25头一群就足够了!<br>　　7、及时处理病、弱、残猪<br>　　猪群中肯定有少部分的病弱猪和残疾猪，类似这样的猪需和其他猪分开，有病的治病、该加饲料的加料，确定没饲养价值的猪可尽快淘汰掉!<br>　　只有从小强壮的猪长大后才易于养膘，而对于弱小的、怎么吃也不胖的、病猪则不再具有喂养价值，尽快处理掉以节约成本</p>', '卡德加', '2025-04-05 12:24:44', '2025-04-05 12:24:44', 2);
INSERT INTO `articles` VALUES (8, '母猪贫血怎么办？原因解析以及方案建议', '<div align=\"left\">母猪为什么会贫血?贫血影响大吗?要怎么解决?这是很多<a class=\"relatedlink\" href=\"http://www.xumuren.com/pigs/\" target=\"_blank\" rel=\"noopener\">养猪</a>人都遇到的难题，此文和大家分享母猪贫血中最常见的缺铁性贫血。</div>\n<p>&nbsp;</p>\n<div align=\"left\">新生仔猪由于体内与母体乳汁中铁含量较少，因此补铁对于快速生长且在无铁条件下室内饲养的仔猪特别重要。近年来，哺乳仔猪的补铁问题已得到行业内人士的一致关注，仔猪的补铁保健已得到广泛认可和推广。然而，猪群中另一易发生贫血的群体&mdash;&mdash;母猪群，其缺铁性贫血问题在生产管理中似乎并未引起大家足够的重视。</div>\n<p>&nbsp;</p>\n<div align=\"left\"><img src=\"https://image.135editor.com/files/users/576/5768919/201909/tcfpRX9j_PFst.jpg\"></div>\n<p><br><br><strong><span style=\"font-family: 宋体, SimSun;\"><span>01</span></span></strong><span><strong>贫血的分类</strong></span><br><br></p>\n<div align=\"left\"><span style=\"color: #333333;\"><span>母猪由于妊娠和生产特殊生理原因在妊娠期和哺乳期发生贫血的概率非常大。母猪贫血可分为再生性贫血和非再生性贫血。再生性贫血分为：出血性贫血、溶血性贫血;非再生性贫血分为：营养性贫血、慢性贫血疾病、肾脏疾病、原发性骨髓贫血症，其中营养性贫血中的缺铁性贫血又最为常见。</span></span></div>\n<p>&nbsp;</p>\n<div align=\"left\"><span style=\"color: #333333;\"><span><img src=\"https://image.135editor.com/files/users/576/5768919/201909/J2djT6MG_fSbD.jpg\"></span></span></div>\n<p><br><br><strong><span style=\"font-family: 宋体, SimSun;\"><span>02</span></span></strong><span><strong>母猪缺铁性贫血的原因</strong></span><br><br></p>\n<div align=\"left\"><span style=\"color: #333333;\"><span style=\"font-family: -apple-system-font, BlinkMacSystemFont, &amp;quot;\"><span>铁对维持母猪妊娠和胚胎的正常生长发育十分重要。妊娠期间，母体大量的铁会通过胎盘转运给胎儿，以最大限度地保证对胎儿的铁供给。</span></span></span></div>\n<div align=\"left\"><span style=\"color: #333333;\"><span style=\"font-family: -apple-system-font, BlinkMacSystemFont, &amp;quot;\"><span>　　</span></span></span></div>\n<div align=\"left\"><span style=\"color: #333333;\"><span style=\"font-family: -apple-system-font, BlinkMacSystemFont, &amp;quot;\"><span>妊娠早期，母猪对铁的需求相对较少，但随着妊娠时间的加长，血容量扩增，其对铁的需求会逐渐增加并在妊娠后期达到高峰。母体血浆是胎儿铁来源的唯一途径，妊娠期，胎儿对铁需求大，而母体在妊娠期由于体内激素的增加，会使肠对铁的吸收受限，每天吸收的铁量并不足以满足胎儿的需求。</span></span></span></div>\n<p>&nbsp;</p>\n<div align=\"left\"><span style=\"color: #333333;\"><span style=\"font-family: -apple-system-font, BlinkMacSystemFont, &amp;quot;\"><span><img src=\"https://image.135editor.com/files/users/576/5768919/201909/cjrvyUTx_2dWP.jpg\"></span></span></span></div>\n<div align=\"left\"><span style=\"color: #333333;\"><span style=\"font-family: -apple-system-font, BlinkMacSystemFont, &amp;quot;\"><span>　　</span></span></span></div>\n<div align=\"left\"><span style=\"color: #333333;\"><span style=\"font-family: -apple-system-font, BlinkMacSystemFont, &amp;quot;\"><span>此时，胎盘的铁代谢相关酶蛋白发挥功能，通过调节铁转运蛋白以增强铁的转运，动用母体体内的储存铁来优先满足胎儿的需要，这就是妊娠母猪易患缺铁性贫血的主要原因。</span></span></span></div>\n<div align=\"left\"><span style=\"color: #333333;\"><span style=\"font-family: -apple-system-font, BlinkMacSystemFont, &amp;quot;\"><span>　　</span></span></span></div>\n<div align=\"left\"><span style=\"color: #333333;\"><span style=\"font-family: -apple-system-font, BlinkMacSystemFont, &amp;quot;\"><span>此外，母猪分娩后也会因失血等问题造成缺铁性贫血问题。</span></span></span></div>\n<p><br><br><strong><span style=\"font-family: 宋体, SimSun;\"><span>03</span></span></strong><span><strong>母猪贫血的影响</strong></span><br><br></p>\n<div align=\"left\"><span style=\"color: #333333;\"><span style=\"font-family: -apple-system-font, BlinkMacSystemFont, &amp;quot;\"><span><strong>▲&nbsp;</strong>母猪缺铁性贫血会使得子宫肌肉组织因缺氧而收缩无力，造成产程过长问题；</span></span></span></div>\n<p>&nbsp;</p>\n<div align=\"left\"><span style=\"color: #333333;\"><span style=\"font-family: -apple-system-font, BlinkMacSystemFont, &amp;quot;\"><span><strong>▲</strong>&nbsp;贫血母猪死产比例要明显高于正常母猪，当仔猪脐带断裂后，母猪因缺氧无力产出，会造成死产胎儿的增加；</span></span></span></div>\n<p>&nbsp;</p>\n<div align=\"left\"><span style=\"color: #333333;\"><span style=\"font-family: -apple-system-font, BlinkMacSystemFont, &amp;quot;\"><span><strong>▲</strong>&nbsp;且当母猪严重缺铁时，因胎盘调节功能有限，胎盘转铁蛋白受体(TfR1)数目会下降，会削弱胎盘铁的摄取，影响胎儿的铁代谢，造成胎儿铁缺乏，进而造成弱仔、新生仔猪活力不足等问题；</span></span></span></div>\n<p>&nbsp;</p>\n<div align=\"left\"><span style=\"color: #333333;\"><span style=\"font-family: -apple-system-font, BlinkMacSystemFont, &amp;quot;\"><span>▲ 此外，母猪贫血还会造成难产、泌乳不足、发情异常、难配种、免疫力低下等系列问题，严重影响猪场的生产成绩。</span></span></span></div>\n<p><br><br><strong><span style=\"font-family: 宋体, SimSun;\"><span>04</span></span></strong><span><strong>母猪补血方案建议</strong></span><br><br></p>\n<div align=\"left\"><span style=\"color: #333333;\"><span>尽管母猪存在着贫血困扰，但还未引起生产上足够重视，现在对母猪的补血方案研究还较少，对母猪群的具体补血方案未达到共识。</span></span></div>\n<p>&nbsp;</p>\n<div align=\"left\"><span style=\"color: #333333;\"><span>我们查阅相关资料发现，有丹麦学者认为，妊娠母猪血红蛋白浓度低于105g/L时母猪即为贫血，并建议对母猪实施肌肉注射右旋糖酐铁进行补铁保健，尤其是对二胎后胎次的母猪，因为随着胎次的增加，母猪体内血红蛋白浓度会逐渐减少。在母猪补铁具体时机的选择方面，在少数研究资料里，并未达到共识。</span></span></div>\n<p>&nbsp;</p>\n<div align=\"left\"><span style=\"color: #333333;\"><span><img src=\"https://image.135editor.com/files/users/576/5768919/201909/UYbRIHuh_9MB3.jpg\"></span></span></div>\n<p>&nbsp;</p>\n<div align=\"left\"><span style=\"color: #333333;\"><span>▲&nbsp;<strong>方案一：</strong>通常认为，对妊娠母猪应在产前4周前进行补铁保健，而对哺乳母猪应在生产当天进行补铁保健，也有部分研究认为在母猪断奶当天应再进行一次右旋糖酐铁注射，以保证母猪的健康发情。</span></span></div>\n<p>&nbsp;</p>\n<div align=\"left\"><span style=\"color: #333333;\"><span>▲&nbsp;<strong>方案二：使用吉隆达集团产品&mdash;&mdash;健立血，具有养血、生血、活血和抗病的作用，适用于所有母猪、哺乳仔猪、保育猪、生长猪等。</strong></span></span></div>\n<p>&nbsp;</p>\n<div align=\"left\"><span style=\"color: #333333;\"><span>在母猪的妊娠期、哺乳期、空怀期及哺乳仔猪期使用：</span></span></div>\n<div align=\"left\"><span style=\"color: #333333;\"><span>① 缩短分娩平均时间0.5~1.5小时；</span></span></div>\n<div align=\"left\"><span style=\"color: #333333;\"><span>② 提高每胎健仔数成0.4~1.2头；</span></span></div>\n<div align=\"left\"><span style=\"color: #333333;\"><span>③ 提高哺乳猪存活数每窝0.5~1.5头；</span></span></div>\n<div align=\"left\"><span style=\"color: #333333;\"><span>④ 减少母猪子宫炎、产后不吃、乳房炎、无乳，并减少妊娠死胎。</span></span></div>\n<p>&nbsp;</p>\n<div align=\"left\"><span style=\"color: #333333;\"><span>总而言之，母猪群的贫血问题对生产成绩影响重大，应引起行业高度重视，并根据猪群情况及时进行补铁补血保健，以避免不必要的生产损失。</span></span></div>', '卡德加', '2025-04-05 12:24:52', '2025-04-05 12:24:52', 3);
INSERT INTO `articles` VALUES (11, '大棚种蔬菜还能养猪？', '<p>&nbsp; 今天无意中听到瑞丰的同仁有提到，在大棚中种蔬菜还同时<a class=\"relatedlink\" href=\"http://www.xumuren.com/pigs/\" target=\"_blank\" rel=\"noopener\">养猪</a>，让我顿时联想翩翩，可能是我的见识太少了，一直没听到过这样的模式。<br>&nbsp; &nbsp;&nbsp; &nbsp; 由于刚在杭州听完一个美国教授的讲座，他提到了美国的猪场和农田都很近，这样美国的猪粪都是很值钱的，都是宝贝，这边弄完直接弄到旁边的农田就OK。到了我们国内，我们的猪场被四处撵着跑就是因为粪便的废弃物的问题。以前我在鸡场的时候，一车鸡粪大约能卖到700元一车，拉去捂西瓜地的，这其中还不算要拉上个几十公里的路程。猪粪太肥，反而要的人很少，一些后起的猪场就砌了沼气池，但是即使这样还是有沼渣要处理。因为养殖都是很偏的地方，加上不是每个人养殖户旁边都有种植的农田，就造成了很多先天的缺陷。<br>&nbsp; &nbsp;&nbsp; &nbsp;虽然也长听到所谓的生态鸡，生态猪，无非就是放养的模式，让他们贴近大自然，但是这样需要人工更多，还需要更宽的场地，一路活动，也有可能一路排泄，这也是个潜在的问题。自己的窝干净了，但是外面看不懂了。这次听到瑞丰同仁说的，大棚里不光种蔬菜，还养猪。这样，猪粪的问题解决了，甚至能创造出更多的效益，真正的变废为宝，同时因为大棚的综合利用，这样的种养结合，充分的互补，绿色植物提供氧气，这样的循环，蔬菜也需要温度和湿度，这样的一个自然状态下生产出来的&ldquo;生态猪&rdquo;，更符合当地的实际情况，也更能方便的操作，省钱，高效。<br>&nbsp; &nbsp;&nbsp; &nbsp;希望有机会能看到这样的猪场，一定第一时间分享他的全貌！</p>', '卡德加', '2025-04-06 09:16:36', '2025-04-06 09:16:36', 6);
INSERT INTO `articles` VALUES (13, '生长育肥猪氨基酸需要研究进展', '\n今天把最近10年国内外做的生长育肥猪氨基酸需要量方面的资料理了一下，受益匪浅！\n1、对于断奶仔猪，SID lys需要量为19克/千克增重；\n2、对于生长育肥猪，SID lys需要量为20克/千克增重；\n3、日粮中总赖氨酸与粗蛋白比例为6.8-7%，最高不要超过7.35%;\n4、合成氨基酸占总氨基酸的比列不应超过1/3\n\n感谢同行提供的宝贵资料！欢迎大家交流！\n 氨基酸, 赖氨酸, 资料, 仔猪', '卡德加', '2025-04-11 10:20:18', '2025-04-11 10:20:18', 2);
INSERT INTO `articles` VALUES (14, '甜菜碱在养猪中的应用', '（一）提高生产性能\n甜菜碱能够改善仔猪消化机能，增加采食量，提高日增重和饲料利用率，降低腹泻。能够促进生长猪和肥育猪生长，降低背膘厚度，提高瘦肉比率，改善肉品质量。还能提高母猪繁殖性能。\n\n许梓荣等添加不同剂量甜菜碱均提高了断奶仔猪采食量、日增重和饲料报酬，以添加600、800毫克/千克组效果最为明显，采食量分别增加了9.39%和8.71%，日增重分别提高了11.73%和11.82%，料重比分别降低了2.19%和2.79%，腹泻率分别降低了23.94%和33.80%。\n\n张怀东等在饲粮中添加1000毫克/千克甜菜碱饲喂仔猪，日增重提高了12.7%，料重比下降了8.98%，血清中总蛋白和白蛋白含量分别提高了8.58%和9.86%，尿素氮含量下降了16.22%。\n\n余东游等在生长猪饲料中添加0、1000、1500、2000毫克/千克甜菜碱饲喂62天，结果表明1000毫克/千克猪生长性能最佳，日均采食量增加7.30%，日增重提高了13.20%，料重比降低了7.93%，胴体瘦肉率提高了7.15%，眼肌面积提高19.12%，背膘厚和板油重分别下降了14.81%和25.31%。\n\n武英等在25千克左右的杜烟猪基础日粮中同时添加VE 200毫克/千克和甜菜碱1500毫克/千克饲喂至100千克，日增重增加13.09%，料重比降低0.65%，背膘厚降低29.76%；背最长肌剪切力降低10.37%，肌内脂肪含量增加30.67%，对其它胴体、肉质性状、背最长肌氨基酸组成、鲜味氨基酸含量和必需氨基酸含量影响不大。\n\n汪以真等添加1000毫克/千克甜菜碱，使肥育猪胴体脂肪率降低了18.27%，胴体瘦肉率提高了5.71%，使猪背最长肌中肌红蛋白、肌肉脂肪和肌苷酸含量分别提高14.88%、17.66%和21.79%；使试验组猪肝脏中游离肉碱的含量提高了16.5%，肌肉中酸不溶肉碱的含量以及酸不溶肉碱与游离肉碱比例分别提高了35.21%和29.41%。显示甜菜碱在提高猪胴体瘦肉率的同时，还提高了猪肉的色、香和味，从而有效地改善了肌肉品质。\n\n郭建风等在每100千克基础日粮中添加50、100、150克甜菜碱饲喂育肥猪，表明甜菜碱能有效地促进商品猪生长、改善胴体品质，以每100千克日粮添加100~150克甜菜碱效果较为适宜，其中每100千克日粮添加100克甜菜碱对促进生长、胴体体品质的改善效果良好，日增重提高7.44%，料重比降低7.47%，眼肌面积增大9.56%，背膘厚降低17.56%，瘦肉率提高4.76%；对肉品质的改善以每100千克日粮中添加100克和150克甜菜碱组效果较好，肉色评分分别提高14.55%、27.27%，大理石纹评分分别提高9.09%、18.18%，肌内脂肪含量分别提高63.16%、21.05%，失水率分别降低32.98%、68.01%。\n\n边连全等在育肥猪日粮中添加甜菜碱和胆碱，屠宰率和熟肉率增加，屠宰24小时后的pH值和大理石纹评分稍有增加，背膘厚有所降低，同时添加甜菜碱1500毫克/千克和胆碱500毫克/千克总体效果最好。\n\n钱利纯等在玉米-豆粕型饲粮中添加500、1000和1500毫克/千克盐酸甜菜碱饲喂妊娠母猪，母猪繁殖性能有了不同程度的改善，窝产活仔数分别提高2.4、2.0和2.2头，仔猪初生窝重分别提高11.11%、32.24%和30.95%，对仔猪初生重无明显影响。采食甜菜碱后母猪生理状态正常，分娩时无弱死胎。\n\n\n（二）缓解应激反应\nRudolph等研究证实，甜菜碱具有提高生物细胞抗高温、高盐和高渗透环境的耐受力，可稳定酶活性及生物大分子功能的功效。甜菜碱有类似电解质的特征，在消化道受病原体侵入的状态下，对猪胃肠道上皮细胞具有渗透保护作用，且当仔猪因腹泻导致胃肠道失水和离子平衡失调时，甜菜碱能有效地防止水分损失，避免腹泻引起的高血钾症，以维持和稳定胃肠道环境的离子平衡（Gwyther等，1989；Hanson等，1994），从而使受断奶应激的仔猪胃肠内微生物区系中有益菌占主导地位，有害菌不会大量繁殖，保护消化道内源性消化酶的正常分泌及其活力的稳定，进而提高了饲料养分的消化利用。\n\nLinderman等试验表明，仔猪断奶后一周内各种消化酶水平显著下降，甜菜碱起到了保护胃肠道内环境的平衡，排除了幼龄动物在应激状态下消化酶分泌量减少或酶活性降低等弊端，利于内源性消化酶的分泌和胃肠内消化酶活性的稳定，改善十二指肠绒毛的生长发育，从而提高断奶仔猪对饲料养分的消化率，减少腹泻率，进而促进断奶仔猪快速生长。\n\n许梓荣等在断奶仔猪饲粮中添加800毫克/千克甜菜碱，干物质和粗蛋白的表观消化率分别提高了4.24%和6.45%，腹泻率较对照组降低33.80%；十二指肠内容物中总蛋白水解酶活力提高了53.32%，脂肪酶和淀粉酶活力与对照组差异不显著；十二指肠电镜切片显示，甜菜碱组猪十二指肠微绒毛长度和密度均比对照组明显改善，其长度较对照组提高16.19%。结果提示饲粮中添加甜菜碱能明显改善断奶仔猪的消化机能，提高饲粮中养分的消化与利用，其主要原因在于甜菜碱改善了断奶仔猪消化系的生长发育状况，进而影响了消化道内源性消化酶的分泌与活性。\n\nJ. W. Schrama等添加甜菜碱显著降低了产热量，并有降低维持需要和提高能量贮存的趋势；对照组与甜菜碱组的产热量的差值和维持需要的差值随时间变化增加，表明日粮中添加甜菜碱会影响生长猪体内的能量分配，并不会影响猪对日粮和猪舍变化的适应性。', '山东瑞弘', '2025-04-11 10:22:33', '2025-04-11 10:22:33', 2);
INSERT INTO `articles` VALUES (15, '育肥猪怎样喂长得快', '育肥猪的品种选择\n　　三元杂交即长白与约克杂交产生的二元母猪，再以杜洛克为终端父本，产生的仔猪，是国际、国内公认的优良育肥猪。各猪场或专业户可根据各自的经济实力而定。实力雄厚的可利用引进的国外品种，采用杜长大、杜大长等杂交后代，被称为洋三元仔猪进行肥育。或者到一些规模化良种猪场购买三元仔猪育肥。经济实力差一些的可利用本地优良母猪与引进的猪种杂交，采用长大本、杜大本等杂交后代生产商品猪，称之三元。（518养猪网）\n　　如何挑选育肥仔猪\n　　一看整齐度，仔猪生长发育越整齐，品质相对越好。二看体重，日龄相近的仔猪，断奶体重越大越好。三看毛色，仔猪毛色要光亮。四看健康状况，要求健壮结实，精神良好。五看耳内是否油润，油润的表示健康水平和营养状况良好。六看最后一对乳头间距远近，远者一般肯吃食，生长快，好饲养。七看蹄壳光泽程度，好者说明健康好养。总之要求仔猪是好的杂交种，健康状况良好，具有好的生长发育潜力。\n　　新猪入栏应做的工作\n　　1、首先将空出的猪舍或圈栏彻底清扫干净。\n　　2、再用2%～3%的火碱水喷洒、冲洗，刷洗墙壁、饲槽、地面、门窗。消毒1个～2个小时后，再用清水冲洗干净。\n　　3、干燥后用百毒杀等喷雾消毒。最好用火焰消毒器烘烤。\n　　4、新猪入栏前，应用驱虫药对猪内外驱虫一次，可以选用虫克星按说明投服。也可用驱虫精(药水)，均匀涂在猪耳上，一次可驱掉体内寄生虫。\n　　新猪入栏的调群\n　　进猪时要按仔猪的大小、强弱、品种分栏，便于饲养管理，避免大欺小、强欺弱，影响猪群健康。\n　　育肥猪的饲喂\n　　1、育肥猪的饲喂要定时、定量、定次数，不宜随意变动。养成固定的条件反射，有利于饲料的充分消化和利用。\n　　2、喂量。猪群以日喂三次为好，25公斤以下的可日喂四次。喂量是猪的体重×0.04。小猪要适当偏多点，大猪可适当减少。在实践中总结出掌握猪只喂量的最佳办法是8个字：即“吃饱吃了，不舔饲槽”。既让猪吃饱又不剩料，而吃饱的标志是不舔饲槽，剩点料渣为不舔饲槽的标志。\n　　3、投料方式。应将每个圈栏所需的饲料从饲槽的一端均匀地撒到另一端。这样有利于每头猪有均等的饲料。更有利于胆小抢不上槽的猪从两端切入吃到饲料，防止个别猪只瘦弱掉膘。\n　　4、喂饲前清理饲槽。喂前务必清除饲槽里的粪尿，决不能带粪撒料。猪群吃饱后将剩料清扫干净，防止污染浪费饲料。\n　　5、育肥猪喂料形式很多，主要是稀料、湿拌料和干料。喂过稀的料会减弱咀嚼功能，冲淡消化液，同时也影响猪只采食量，影响增重。容易出现“草包肚”，降低出肉率;湿拌料是用1倍～1.2倍水将拌料拌湿，以手握饲料渗出水为宜，有利于食物的吞咽，能较快完成饲喂工作;生干料可以延长食物在口腔中咀嚼的时间，使食物与消化液充分混合，有利于提高育肥猪的出肉率，深受生猪市场的欢迎。\n　　6、适时换料。育肥猪的饲料分小猪料，30公斤以前饲喂;中猪料为30公斤～60公斤饲喂，大猪料为60公斤到出栏阶段饲喂。按时换料不仅能适应肥猪不同阶段的需要，而且还能降低饲料成本。（518养殖网提供）\n', '卡德加', '2025-04-11 10:22:59', '2025-04-11 10:22:59', 2);
INSERT INTO `articles` VALUES (16, '后备母猪想高产，一定要避开三个最虚的阶段', '\n母猪有三个最虚的阶段，很容易被病毒或细菌性疾病侵袭，这三个阶段需要我们格外注意。\n第一个阶段是怀孕母猪的重胎期即怀孕90-110天，这一阶段的母猪面临胎儿快速发育带来的消化和营养供应压力，为容存更大的胎儿母猪自身免疫力降低40%带来的病毒增殖压力，分娩疼痛甚至高温应激应激带来的血虫爆发压力，重胎期的母猪免疫平衡被打破，是蓝耳、血虫、魏氏梭菌的高发期，也是流产的高发期。\n第二阶段是分娩后三天，这一阶段虚弱的主要原因是分娩疼痛和产后高温带来的采食量不足，恶露排出和宫颈全开带来的细菌侵袭，产后肠道容积改变和体力不足带来的严重便秘，以及分娩过程中大量体液和钙磷流失导致的产后瘫痪，这一阶段的母猪需要忍受疼痛，饥饿、发烧以及行动不便，更要注意各种虚弱使母性变差，有坑能增加的仔猪死亡率。\n第三个阶段是配种后两周，之所以这个阶段说母猪“虚弱”是因为这一段的母猪怕吓。母猪配种结束后一周是最怕惊吓的一周，这会导致母猪发生早期流产。惊吓的来源包括：剧烈的驱赶母猪和拍打母猪，母猪配种后马上调圈，口蹄疫、猪瘟或伪狂犬疫苗的注射，长期驱虫或蓝耳压制添加驱虫药和大剂量抗生素，总之这一阶段的母猪环境要保持安静，不惊不扰，待受精卵着床牢固后再安排各项工作。', '卡德加', '2025-04-11 10:23:30', '2025-04-11 10:23:30', 3);
INSERT INTO `articles` VALUES (17, '后备母猪的饲养管理与保健', '后备母猪的饲养管理是母猪饲养的关键阶段，这一阶段的饲养管理阶段为生产母猪打下良好的基础，对成年后的生产性能、使用年限都有积极的影响。\n你可以根据你猪场后备母猪的情况设计合适的日粮，不同品种的猪具有不同的营养标准。还要考虑后备母猪的环境条件，因为环境条件会影响猪每日营养的摄入量和采食量。\n后备母猪每天所需要的消化能摄入量不能少于30MJ；其次钙、磷等维生素的摄入量也不能少，要保证日粮的营养水平，还要注意控制后备母猪的背膘厚度，既不能过多也不能过少，过少的话不利于提高母猪的繁殖能力，过多的话可能会给母猪的生产造成诸多的不便。后备母猪初配时背膘处于16~22mm的厚度时较为适合。\n当然也要提高环境卫生，应保持圈舍清洁、干燥、饮水应清洁卫生。饲养人员进入猪舍时也要做好自身的卫生清洁，穿好无菌服，同时根据季节的变化做好通风工作，防止口蹄疫和猪瘟等疾病的发生，夏季应定期做好对猪舍内外环境的驱蚊蝇消毒工作，同时做好温度稳定，避免温度应激。', '卡德加', '2025-04-11 10:24:06', '2025-04-11 10:24:06', 3);
INSERT INTO `articles` VALUES (18, '震惊，他居然用这种办法分辨，母猪几胎龄了', '\n去看一个老朋友，他是我的指路人，他养了二十多年的猪，在他面前，他很开心的告诉我，他能够知道一头母猪是几胎龄了。\n\n到了他的猪场，他现场示范给我们看。\n\n用手按一下母猪的脊椎，他解释说，一胎龄的母猪有一个脊椎非常膨大，两胎龄的母猪就有两个，脊椎很大，三胎龄的母猪就有三个脊椎膨大。\n\n听完了这句话，我黯然神伤以致几乎落泪，自然界当中，母亲是非常伟大的，为了给你孩子，提供足量的钙，他们会把自身骨骼里的钙动员出来，那么随后，一度缺乏钙的骨骼就会膨大，作为补偿性生长，就像我们的碘缺乏严重，就会出现甲状腺肿一样。\n\n由此知道了，农村老家，很多老龄妇女都会弓腰，我们的妈妈就是那样，我的妈妈就是那样的。\n\n关爱母猪从钙开始，钙的吸收与沉积，与微量元素息息相关，与体液酸碱度息息相关，与肝功能息息相关，千万不要再给母猪喂小苏打啦！玉米一定用抛光工艺处理过，千万不要给肝脏很大的霉菌毒素压力，要用1，25-双羟基维生素d3，一定要给母猪足够量的柠檬酸。', '卡德加', '2025-04-11 10:24:32', '2025-04-11 10:24:32', 3);
INSERT INTO `articles` VALUES (19, '养殖不保健，一切都是空', '养殖说起来也是一个高风险的行业，主要来自于市场行情和疫病的防治，一场疫病就有可能招致一个猪场的灭顶之灾，所以完善的猪场管理，合理的保健成为重中之重，如何保健？随着人们对食品安全、食品品质的关注，大剂量使用抗生素显然已不是未来的方向，况且抗生素的换代大有跟不上病菌的变异速度，显然也不是完全之法。微生物作为自然界广泛存在的宝贵资源，不仅能够发挥宿主的正常生理功能，通过主动防御来控制病原体的感染，而且还可以通过外因促进内因起作用，达到防治病原体的目的。所以微生物越来越受到人们的重视，并应用到养殖上面。\n    【主要作用】\n    1、节约饲料成本：菌宝贝养殖用益生菌在动物体内繁殖代谢，产生大量的消化酶，能促进动物对糖类、蛋白质和脂肪等主要营养物的消化吸收，降低料耗，节约饲料成本。\n    2、改善养殖生态环境：菌宝贝养殖用益生菌连续使用能促进肠道有益菌群增殖，抑制有害菌的生长，从而减少了有害菌产生的胺类、吲哚类和硫化氢等有害物质，粪臭味明显减少，净化了养殖环境，抑制了致病菌的传播和扩散。使用一段时间后养殖场遍布有益菌，形成益生菌生态养殖环境。直接作为发酵床补充菌种添加，可以迅速生长，对于发酵床内动物粪便起到很好的分解作用，减少粪便中有机磷等有害物质的含量，减少污染，除臭灭害，是很好的发酵床补充维护菌群。\n    3、保健效果明显：进入消化道后，迅速由休眠状态复活，在短期内繁殖成高含菌量的优势种群，消耗掉肠道内大量氧气，建立微生态平衡，促进有益厌氧微生物的繁殖，抑制有害细菌（大肠杆菌、沙门氏杆菌）的生长，从而预防腹泻、下痢等肠胃道疾病。\n    4、补充饲料营养：菌宝贝养殖用益生菌在快速繁殖过程中，产生大量多种维生素、有机酸、氨基酸、蛋白酶（特别是碱性蛋白酶）、糖化酶、脂肪酶、淀粉酶，能降解植物性饲料中复杂的有机物，从而促进消化吸收，提高饲料利用率，防止动物消化不良，出现“饲料便”等状况发生。直接提供动物生长所需营养，增强动物的营养代谢，连续使用促长效果明显。\n    5、改善肉蛋奶品质，生产“绿色肉”、“农家蛋”、“无抗奶”， 菌宝贝养殖用益生菌通过增强消化吸收功能，充分吸收利用饲料中营养成份及原料的天然色素，无需添加化学色素苏丹红、加丽素红造成对人体的有害物质及影响畜禽产品天然食用风味，可媲美家养畜禽肉。能天然增加动物产品着色度和食用风味，猪只皮肤红润，毛色发亮；肉鸡肉鸭颜色加深；改善蛋壳的质量和颜色，蛋清厚稠，蛋黄鲜红。\n    6、减少或替代抗生素的使用，节约药品开支：菌宝贝养殖用益生菌中高含量的乳酸菌等对饲料中的霉菌在猪肠道内有明显的抑制作用。增强动物非特异性免疫力，有效提高猪群健康程度。长期在饲料中使用本产品，由于保健效果明显，仔猪群的成活率明显提高，可以减少或不使用抗生素，明显减少药品开支，减少肉品中的抗生素残留，适合生产生态绿色有机猪肉。\n    7、用于水产养殖能够快速分解水体中的残饵，粪便，死藻等，维护水质，有效预防泛塘和鱼虾病害，减少换水量。在水体中形成有益菌优势群种，抑制有害细菌的繁殖，维持水体中的微生态环境平衡。提高鱼虾对饵料的消化吸收效率，增强鱼虾的消化吸收功能，使其充分吸收利用饲料中营养成分及天然色素，增强其天然着色度和使用风味，使鱼虾色泽鲜亮。\n    菌宝贝养殖用益生菌所用菌株稳定性好，抗逆性强，具有耐热、耐酸、耐胆汁、通过消化道不失活，无污染、无任何违禁物质、绿色环保的特点，且使用成本低廉，投入产出比高，可长期添加。', '卡德加', '2025-04-11 10:25:43', '2025-04-11 10:25:43', 4);
INSERT INTO `articles` VALUES (20, '硫酸镁能治疗猪的炎症肿胀', '硫酸镁还可以治疗猪群的各种炎性和非炎性肿胀。将5%硫酸镁溶液加热至70℃。再用毛巾蘸取热溶液对猪的肿胀部位进行热敷。每次热敷时间在1.5至2小时即可，1天二次，连续2天就可以消除肿胀', '卡德加', '2025-04-11 10:26:35', '2025-04-11 10:26:35', 4);
INSERT INTO `articles` VALUES (21, '硫酸镁在养猪上的作用', '硫酸镁在养猪生产中，运用较广泛的就是防治猪群便秘了。有实验数据显示：在发生便秘的育肥猪群中其日粮添加400PPM（每吨饲料添加400克）的硫酸镁时，可有效地预防和控制猪群便秘。', '卡德加', '2025-04-11 10:27:00', '2025-04-11 10:27:00', 4);
INSERT INTO `articles` VALUES (22, '猪异食癖的发病原因及其防治方法', '猪异食癖是营养代谢紊乱、嗅觉异常、饲养管理不当等多种因素引起的一种复杂的综合症。特征是猪食欲反常，到处舔食。啃咬各种无营养价值的异物。也为骨软症、佝偻症、慢性消化不良、胃肠卡他、蠕虫病等的一种临床症状。据统计，秋季异食癖发病率较高，尤其是体重20—80kg者发病率最高。猪一旦发生异食癖，生长缓慢、日渐消瘦、皮粗毛乱、如不及时治疗，会影响猪的生长发育，未成长的小猪还可能因此停止生长而成为僵猪，给养猪业造成巨大的经济损失。', '丁衍涛，林吉朋，殷锡萍', '2025-04-11 10:27:48', '2025-04-11 10:27:48', 5);
INSERT INTO `articles` VALUES (23, '浅谈蓝耳病', '肺泡内巨噬细胞的损伤可以认为是蓝耳特异性的显微病变\n\n\n中图和右图，严重的间质性肺炎也基本可以认为是蓝耳引起的，虽然间质性肺炎意味着病毒性疾病，但是别的别的病毒性疾病可能很难引起这种典型病变\n\n但是典型的显微病变不是每个蓝耳感染个体都能看到\n\n传播特点－持续性传播\n\n持续性传播是蓝耳病一个很重要的一个特点，在经历母猪繁殖障碍的爆发期，育肥猪感染以后，母猪群会进入稳定状态。蓝耳会转入生长保育猪，这种持续性传播很大程度上会在保育猪上表现的淋漓尽致，这种持续性不但表现为同一批次之间传播，还包括不同批次。因此保育猪的生长状况，很大程度上可以衡量一个猪场蓝耳病的感染压力。\n\n感染个体的主要结局\n\n已经有足够的实验室数据和临床案例证明蓝耳病和一些细菌性疾病有非常紧密的相关性。蓝耳病毒会在肺血管巨噬细胞和肺泡巨噬细胞内复制并将其杀死。与人和啮齿类动物不同的是（人和啮齿类动物清除血液中的细菌和颗粒主要有肝脏枯否也细胞和脾脏巨噬细胞来完成），猪清除血液循环中的颗粒、细菌、内毒素的细胞主要是肺相关巨噬细胞。肺内巨噬细胞群损伤会会极大的降低其吞噬作用和杀菌作用。猪单纯感染蓝耳病毒机体可能是可以耐过的，蓝耳会继发很多条件性致病菌，包括链球菌，副猪嗜血杆菌，猪嗜血杆菌等，并且很多情况下保育猪会死于这种激发性的细菌性疾病。感染蓝耳病的个体结局可能有多种，或者死于间质性肺炎导致的呼吸系统的衰竭，病毒型肺炎引起的间质性肺炎会严重的降低肺的气体交换能力，机体无法得到足够的氧气衰竭而死，在病毒感染压力巨大的猪场，蓝耳个体多死于这种情况。还有一种情况是继发的细菌性疾病如链球菌和副猪嗜血杆菌引起的浆膜炎和脑膜炎，其中包括心包炎，胸膜炎，腹膜炎等。浆膜炎属于慢性消耗性疾病，个体猪最后会多系统衰竭而死。最后一种是面对同样环境，同样毒株存活的猪。   ', '卡德加', '2025-04-11 10:28:34', '2025-04-11 10:28:34', 5);
INSERT INTO `articles` VALUES (24, '防控仔猪腹泻的5大绝招，养猪人值得收藏', '在产房，我们养猪人最怕的就是小猪拉稀，尤其是冬春季，一旦发生拉稀，完全是连续几窝发病，死亡率非常高，给我们猪场带来了极大的经济损失。另外，由于产房仔猪拉稀病因复杂，与饲料营养、环境温度、球虫、细菌、病毒均有很大关系，今天我们给大家分享下产房仔猪腹泻的综合防控思路。1.病毒性腹泻：包括伪狂犬，传染性胃肠炎，流行性腹泻，轮状病毒。口蹄疫病毒，猪瘟病毒等病毒。秋冬季居多；\n    2.细菌性腹泻：包括大肠杆菌引起的黄白痢和魏氏梭菌引起的梭菌性肠炎等病菌。\n    3.寄生虫性腹泻：主要是球虫；\n    4.产房温度过低产房潮湿引起的腹泻；\n    5.母猪奶水不足引起的腹泻；\n    6.母猪炎症引起的小猪腹泻；\n    7.缺硒引起的腹泻；\n    8.母猪毒素蓄积过多引起的腹泻：与霉菌毒素中毒密切相关。\n\n常见仔猪腹泻的综合防控方案\n\n病毒性\n伪狂犬呕吐，腹泻，拉黄色稀便，常在腹部出现粟粒大小的紫色斑点。\n预防：母猪应做一次基础免疫，以后三个月一次即可。小猪出生后0至3天伪狂犬滴鼻1头份即可。\n传染性胃肠炎，流行性腹泻，轮状病毒多发生于冬春寒冷季节，先呕吐，后腹泻，呈水样便，脱水，死亡率高。\n预防：全群普防一次胃流轮三联活苗一次，隔二十天防一次胃流灭活苗，以后可在产前四十五天和二十天左右分别防一次活苗和灭活苗。\n口蹄疫引起的小猪拉稀急性死亡，小猪不掉膘。\n预防：口蹄疫应选用三价苗，做过基础免疫的应三个月注射一次，没做过基础免疫的应做一次基础免疫，以后三个月注射一次即可。\n圆环症状以腹泻，消瘦，贫血，黄疸为主。\n预防：母猪基础免疫后一年防三次，小猪7天注射一次圆环疫苗即可。\n猪瘟引起的拉稀大多病程短，瘦的非常快，死亡也迅速。\n预防：母猪一年防疫三次即可，建议用传代苗。\n\n细菌性\n仔猪黄痢多发生于产后1周之内，拉黄色稀便，很少有呕吐，粪便呈糊状。\n仔猪白痢十到三十日龄乳猪易发，排灰白或黄白色稀便，味恶臭，病程三到七天，大多数猪可康复。\n预防：仔猪黄痢和白痢可在母猪产前四十天和十五天注射大肠杆菌苗，小猪出生后口服生命源，有效的提高胃肠粘膜，杜绝腹泻。\n\n寄生虫\n球虫性腹泻多发生在七到十五日龄，多发生在高温高湿的季节，糊状，有泡沐，腥臭难闻，\n附红体引起的拉稀每年阳历五到九月多发，大多母猪发热，背部有出血点，小猪吃奶后拉稀，用除强力霉素，土霉素之外的抗生素及抗病毒药治疗无效。\n预防：在阳历五到九月份定期给母猪投服福诺欣拌料或饮水饲喂即可预防。\n\n毒素\n目前猪场较为普遍存在的问题：母猪疫苗也打了，抗生素也加了，球虫药也投了，但产房小猪仍腹泻。此时母猪大多有眼屎，泪斑，老皮多，身上脏，背部有出血点。所生的小猪大多在产后5天左右开始拉稀，有的在15天左右拉稀，用抗生素和抗病毒药治疗效果不佳。病理是健康母猪体内毒素蓄积过多，肝肾功能受损，导致毒不能正常排出，则毒素从眼，毛孔，乳汁排出。所以母猪会表现起眼屎，泪斑，毛孔出血，小猪吃了带猪毒素的奶汁自然拉稀。并且这种因毒素引起的拉稀用抗生素和抗病毒药治疗效果不好。\n预防：天蓬乐牧母猪三金方，可有效调理母猪健康，解除免疫抑制。\n\n其他因素\n产房温度过低，产房潮湿引起的腹泻：\n预防：产后小猪温度一周内在三十度以上，以后每周下降2度。产房保持干燥，尽量减少冲圈次数。 小猪建议寒冷季节加电热板，这样不但小猪腹部不受凉，且小环境内干燥，可大大减轻因腹部受凉圈舍潮湿引起的小猪拉稀。\n    母猪奶水不足引起的拉稀主要症状是母猪放奶时间低于十秒且小猪大多都偏瘦，脊柱骨外露明显。\n预防：想办法提高母猪泌乳量，可以添加肥奶多，可有效提高母猪奶水分泌。', '卡德加', '2025-04-11 10:29:20', '2025-04-11 10:29:20', 5);
INSERT INTO `articles` VALUES (25, '猪舍是用来干什么的？', '\n人人都知道养猪就要先建猪舍，猪舍本来是要给猪提供一个好环境，让猪舒适，减少风、冷、晒、等应激的。可是现在的很多猪舍背离初衷，建成了冬天阴冷潮湿缺氧、夏季炎热潮湿气闷的环境。猪的应激极大！然后猪的呼吸道疾病，消化道疾病，皮肤病频频发生。采用大量的药物，种类繁多的疫苗来控制。结果是猪越来越不好养了。', '卡德加', '2025-04-11 10:30:03', '2025-04-11 10:30:03', 6);
INSERT INTO `articles` VALUES (26, '应该重视养猪环境', '环境可以引发疾病：如地面凉可以引起猪腹泻，继而引发其他疾病。舍内空气不好，可以引起呼吸道病，影响采食，影响生长和自身免疫力。过热引起采食下降甚至中暑。温差大容易引起感冒，易引起继发传染。潮湿阴暗病菌容易大量繁殖，容易引起疾病发生。来自: Android客户端', '卡德加', '2025-04-11 10:30:45', '2025-04-11 10:30:45', 6);
INSERT INTO `articles` VALUES (27, '大棚种蔬菜还能养猪？', '  今天无意中听到瑞丰的同仁有提到，在大棚中种蔬菜还同时养猪，让我顿时联想翩翩，可能是我的见识太少了，一直没听到过这样的模式。\n       由于刚在杭州听完一个美国教授的讲座，他提到了美国的猪场和农田都很近，这样美国的猪粪都是很值钱的，都是宝贝，这边弄完直接弄到旁边的农田就OK。到了我们国内，我们的猪场被四处撵着跑就是因为粪便的废弃物的问题。以前我在鸡场的时候，一车鸡粪大约能卖到700元一车，拉去捂西瓜地的，这其中还不算要拉上个几十公里的路程。猪粪太肥，反而要的人很少，一些后起的猪场就砌了沼气池，但是即使这样还是有沼渣要处理。因为养殖都是很偏的地方，加上不是每个人养殖户旁边都有种植的农田，就造成了很多先天的缺陷。\n      虽然也长听到所谓的生态鸡，生态猪，无非就是放养的模式，让他们贴近大自然，但是这样需要人工更多，还需要更宽的场地，一路活动，也有可能一路排泄，这也是个潜在的问题。自己的窝干净了，但是外面看不懂了。这次听到瑞丰同仁说的，大棚里不光种蔬菜，还养猪。这样，猪粪的问题解决了，甚至能创造出更多的效益，真正的变废为宝，同时因为大棚的综合利用，这样的种养结合，充分的互补，绿色植物提供氧气，这样的循环，蔬菜也需要温度和湿度，这样的一个自然状态下生产出来的“生态猪”，更符合当地的实际情况，也更能方便的操作，省钱，高效。\n      希望有机会能看到这样的猪场，一定第一时间分享他的全貌！', '卡德加', '2025-04-11 10:31:21', '2025-04-11 10:31:21', 6);
INSERT INTO `articles` VALUES (28, '猪场消毒必看：过硫酸氢钾复合盐详解', '猪场消毒是猪场管理工作重要的组成部分，是检疫、免疫、药物控制及卫生管理这一防疫体系的一个环节。\n给养猪场消毒也是每天要做的最基本的事情。通过消毒，可以将病原体消灭在猪场外，防患于未然。这使猪减少患病的几率，为养猪户谋得最大利益，也为消费者提供优质猪肉。\n  猪场常用消毒方法主要有高压冲洗消毒、火焰消毒、紫外线灯、喷雾消毒法、熏蒸消毒法等。\n非洲猪瘟疫情猖獗，目前公众认可的也是唯一预防非洲猪瘟的手段就是消毒，因此消毒产品成为猪场的抢手货。\n  为了避免养猪场盲目选择，农业农村部特地下发（2019）735号农牧便函指导消毒剂的选择。\n  农业农村部给出的《非洲猪瘟防控工作中消毒剂选择方案》中生产加工、生活办公、人员衣物都可以过硫酸氢钾为指定消毒剂，可见过硫酸氢钾的受欢迎程度。\n见下图：农业农村部（2019）735号农牧便函', '卡德加', '2025-04-11 10:32:45', '2025-04-11 10:32:45', 7);
INSERT INTO `articles` VALUES (29, '简述发酵床垫料的制作方法', '\n制作发酵床  按照猪舍10平米（80厘米厚）为例：\n一、发酵式：\n步骤一：首先将祥运发酵床专用菌粉2kg （一袋） 加入  一些麦麸 或者玉米粉 中混合均匀（这一步骤咱们称之为“稀释菌料”），也可以不加\n步骤二： 把第一步骤中混合好的 “料”再与 锯末 、稻壳等垫料 均匀混合\n步骤三： 混合的同时调节下水分，大致为手抓垫料，松手能散开，手缝里湿湿的，没有水分往下滴就可以了\n步骤四：把调节好水分的 “锯末等垫料” 堆成大堆进行3天左右的发酵，\n步骤五：3天后把发酵好的垫料铺到发酵床上进行养猪。\n二、干撒式：\n     铺一层垫料撒一层祥运发酵床专用菌粉，搅拌后铺第二层，直至铺满为止，最后在表面喷洒少量水分，防止垫料过干引起动物呼吸道疾病。\n制作发酵床也可以使用祥运EM菌液制作发酵床，操作方法一样', '卡德加', '2025-04-11 10:33:08', '2025-04-11 10:33:08', 7);
INSERT INTO `articles` VALUES (30, '新建猪舍需要注意什么', '要想养殖好畜牧首先要设计好养殖场，选择合适的地点是很重要的。很多人在开始建立养猪场的时候往往忽略了这个问题，在此随小编一起来学习下新建猪舍需要注意什么吧。\n\n　　新建猪舍需要注意以下几点：\n\n　　1、选址不当猪舍选址应尽量在高燥、向阳、避风、安静的地方，要远离养殖区、工厂和生活区、来往人少、水源清洁，有条件的猪场周围用绿化带隔离。\n\n　　2、猪场总体布局为管理方便，缩短转群距离，应以分娩舍为中心，保育舍靠近分娩舍，幼猪舍靠近保育舍，肥猪舍再挨着幼猪舍，妊娠（配种）舍也应靠近分娩舍。除考虑全进全出、分点饲养外还应设有解剖室、病死猪处理室、隔离舍、粪便处理区、维修及仓库等。生产区与生活区应建在上风处，要相隔15米以上，其间应设消毒设施，生产人员应先消毒、洗澡、更衣后方可进入生产区。3、猪舍密度大有些猪场建设为了节省土地、减少投入，猪舍简陋、密集、不能科学合理地进行设计和布局，致使猪的饲养密度非常大，高密度养猪为环境污染、病原生物污染及猪群间相互感染创造了极有为有力的条件。猪舍之间的距离至少8米以上，中间可种植草木。\n\n　　3、猪舍太矮小猪舍不应太低，低了不利于空气流通，有害气体易导致猪患病。夏季猪舍温度高不利于降温。\n\n　　4、猪舍窗户小无防蚊蝇设施有的猪场猪舍窗户太小，留得又太少。主要问题是夏天不利于舍内通风降温。蚊蝇可传播很多疾病所以在建猪舍时一定要考虑到这一点。有条件的猪场还可以安装防护网防止鸟类进场传播疾病。\n\n　　5、饲槽规格不当饲槽大小应根据猪的种类和猪的数量多少而定。仔猪舍如果料槽过大，有的仔猪喜欢钻进料槽，易造成夹伤、夹死现象。育肥猪的饲槽过小会使猪头过大的猪采食后头被卡在槽内导致脖、耳受伤。\n\n　　6、污水排放不合理舍内污水沟应有足够的坡度，以利于污水顺利流出舍内。污水的流出顺序应遵循就近原则，不要让污水在场内绕圈。最好建有污水处理场，以便合理的利用，减少环境污染', '卡德加', '2025-04-11 10:33:33', '2025-04-11 10:33:33', 7);
INSERT INTO `articles` VALUES (32, '干湿料槽应用优点分析', '\n较好的干湿自动喂料槽饲喂方式，可用于育肥猪，减少饲料浪费。此外，独特的双顶盖设计，配有加药口，较好的阻止了污染和偷食。让我们来看看它的优点。\n自动干湿给料机还有许多优点，主要包括以下几个方面：\n1.20-30头育肥猪可在一个干湿饲料槽中饲养，每天只添加一次饲料，解放劳动力；\n2.牧鑫养殖干湿自动喂料槽设有送料调节装置，可自由调节进料量。猪喂食时会自动喂食，不喂食时不会喂食。可较好的避开饲料浪费。内有防堵装置，送料顺畅；\n3.筒体采用耐腐蚀、耐压缩的聚丙烯材料，大大增加了使用寿命；\n4.底盘采用一次拉伸不锈钢制成，表面光滑平整，易于清洁消毒，镀锌材料槽架，耐腐蚀，不易生锈；\n5.可加装顶盖，不出现进料污染，可以跟自动进料线配套使用；\n6.猪喂食时喝水很方便。', '卡德加', '2025-04-11 10:34:25', '2025-04-11 10:34:25', 9);
INSERT INTO `articles` VALUES (33, '韩春光：再见，非瘟', '国内非洲猪瘟疫情来袭均让人虽不及防，造成价格起起落落，目前根据官网看能繁母猪下降明显，全国总存栏量也在随之下降，2019年下半年可能会迎来一次罕见的猪周期。此次疫情不可小视，根据和多个养猪企业、个体老板、生产场长、技术人员、乡镇兽医、销售商沟通，目前受非洲猪瘟疫情影响，普遍业界悲观情绪、恐慌心理严重，部分小型养殖场当猪群稍有波动，不管是不是非洲猪瘟感染就选择了一次性清栏，这样对行业非常不利。\n\n　　这几天众所周知猪价格呼呼的开始涨钱了，谈谈我对“非瘟”的一点小感悟分享给诸位。\n\n　　01\n　　首先谈生物安全，生物安全不是盲目的，与养猪相关的生物安全清单，可以大小列出近百种，但是很多中小型养猪场是根本做不到的，做到自己能做到的，想想做不到的如何想办法做到才是最重要的，生物安全有高、有低，有轻、有重，有主、有次，中小型猪场全抓或者统抓，准乱套，容易抓轻，应抓重点，不轻视其他为基本原则。\n　　1、卖猪，最危险\n　　2、菜市场，最危险\n　　3、饲料车，危险\n　　4、无害化、拉猪、拉粪车，最危险\n　　5、人员回厂，危险\n　　6、进厂的疫苗兽药以及各种用具等，危险\n　　7、老鼠、鸟、苍蝇，危险\n　　8、饲料原粮，危险\n　　9、水源，危险\n　　10、引入猪只与精液，外来猪肉及制品，最危险\n　　请抓住最危险，不轻视其他危险。?拉猪车清洗的再干净，犄角旮旯检测也是难以合格的，所以减少接触势在必行，最危险的区域在于车尾巴这个直接接触的地方，这里必须消毒彻底！卖猪完毕后马上火碱全面区域性大消毒，消毒人员衣服回厂前全部换，尤其装猪人员外面接触的衣服和靴子，最大忌讳就是卖完猪外面装猪的伙计们直接回猪舍，啥措施也不做，逐渐稀释病毒！听者损失很小，不当回事的损失才大！\n\n　　02\n　　添加提高猪群抵抗力的药物，会有一定的效果，当少量病毒进入猪群的时候，由于猪群抵抗力比较高，身体免疫系统会消灭一部分病毒，但是当病毒载量太大的时候，猪群无法吞噬的时候，猪群就会表现发病了，“非瘟”致死率不是100%，呈现低传播，高死亡特征，不可轻视！如果处理措施得当，损失会降低到最低，相反，如果处理不及时，那么损失会非常的惨重，如果不幸有发病的朋友，请上报政府。\n\n　　如果不幸疑似发病，请妥善处理死猪，发病后掩埋死猪也不是那么简单的，不是随随便便的挖个坑埋了就行了，必须要满足至少3个条件，1.灭掉病毒最好的办法是挖深坑，焚烧后叫火碱掩埋，至少猪在2米土层以下，2.远离生产区，至少300米，尤其要远离猪场饮用的那口井。3.土壤上面设置警示牌，谁也不能去，上面撒满生石灰，拉上警戒线，这些是决定你能不能复养成功的基础，虽然麻烦，但是必须要做。\n\n　　如果你不在疫点，疫区，综合评估一下周边养猪环境，比如周围养殖密度、天然屏障、周边疫情威胁程度等，按照优、良、中、差评估，如果是“优”，建议你只要做好生物安全措施，是有很大可能几年内都不发病的。如果是“差”，不如，现在就停止配种，利用5个月时间进行清栏，资金回流，等到有解决办法的时候再复养，复养你的成功率最高，因为你没有被病毒污染过，你的场子是干净的，这样的最容易成功！\n\n　　相反，如果你的猪场不幸大面积发过这种病，再没有可靠疫苗的情况下，如果处理措施再不得当，想复养成功，这种可能性目前来说会非常的低。除非病毒流行一段时间后毒力减弱，才有可能成功。猪舍里里外外要进行彻底的反复清洗消毒、设备也要进行拆卸，逐个进行物理清理，然后反复清洗消毒，再组装。周边外围环境也要先清理，再进行反复大消毒后，才能准备进入“哨兵猪”进行观察3-6个月后进行复养。\n\n　　03\n　　怎么体现养猪能力？PSY、MSY或者成本控制？其实不同规模的猪场，衡量养猪能力的标准有很大不同，比如家庭农场的标准和一个万头猪场的标准大不相同，家庭农场的边际成本、流程成本根本不重要，那怎么用成本来核算和评价呢？万头猪场和十万头猪场的评价标准又不同，只要上到十万头以上母猪规模的猪场，其成本控制才有竞争力，而实现成本优势的核心，往往不是一个方面，而是系统能力。\n\n　　比如扬翔的养猪能力，它不是单一一个方面，包括了文化，组织，体系和新技术应用等多方面的融合才实现的。还有当上到五十万头母猪，一百万头母猪或者更大规模的时候，成本又不是核心问题，稳定成为核心，所以养猪能力高低的标准，要看规模大小才可以。就像找对象，优势互补，适合的最好，稳定压倒一切，养猪企业就要强调一个稳字，稳中谋求发展，稳中求进步！\n\n　　切忌大起大落，大起固然是好事，但是一旦大落，可就麻烦大了，轻则亏钱，重则股票狂跌，资金链断裂！养猪是个需要务实的行业，请入行的人员记住一句话，家有万罐，带毛的不算，猪不是大风吹出来的东西，资本入住、企业文化、技术水平、管理能力缺一不可，是需要脚踏实地，兢兢业业才能把猪养出来，才能最终取得可观的经济效益。虚的、假的，最终坑害的还是自己。\n\n　　反思国内很多猪场，账本数据做的非常漂亮，可就是盈利水平不敢恭维，漂亮的数据应该对应的是成本降低才对。数据非常好，成本也非常高，这不是矛盾的吗？比如某些人吹的msy30头，还不挣钱、再比如仔猪21日龄断奶体重大小平均过15斤，整体出栏天数还能在180天以上、或者再比如，猪场常年不死猪，但是每年msy才不足18头，您那出生的猪都去那里了？还有成本不足4块的牛人，估计您那猪恐怕都不吃猪料就能长肉。\n\n　　乱想丛生，小猪场缺乏技术，大猪场缺乏管理，大集团缺乏持续盈利的能力是非常可怕的，养猪不是不挣钱的行业，是被你的高投入，低产出把利润吞噬没了，靠做假账，吹牛逼可不行，不挣钱的猪场，一切都是扯蛋式管理。展望明年整个生猪养殖业，明年养猪企业就强调一个字“稳”字，只要不得非瘟，经济效益可观，好疫苗、好兽药、好饲料赶快用；该给职工涨的工资赶快涨；伙食不好的赶快改善伙食；猪群不好的，赶快调整猪群。\n\n　　这病潜伏期15天左右，当看到猪群出问题的时候，马上果断把疑似发病猪清理出猪场，然后剩余的留下仔细观察，这15天抓紧消毒，封锁、隔离、购买检测卡检测，这15天就决定你的损失大小，能不能“拔牙清除”成功，如果半个月后猪群无异常情况，就可排除非瘟传染，如果猪群陆续不稳定，检测核准了，那就100%是了，这个方法对普通猪场来说很实用，损失最小，造价最低。\n\n　　非瘟远去、猪群、管理、人员稳定，保持存栏量最大化，您可能距离财富就会很近了！2019年就做一个“稳”字，哪一个环节不稳定都会埋下祸根，找一找内部问题在那里，赶快解决，抓住大鱼，这可是多少年来难得一遇的好行情，将在明年5月份到来！一个普通的500头母猪场，年出栏10000头肥猪，6元保本，饲养225斤，成本为1350元；销售价格10.5元，225斤，售价2362元，净利润1012元，1万头猪，整整1千万的纯利润。', '卡德加', '2025-04-11 10:35:03', '2025-04-11 10:35:03', 9);
INSERT INTO `articles` VALUES (34, '王占伟：面对非瘟，最大的敌人是恐惧心理吗？', '当下的养猪业，还笼罩非洲猪瘟疫情的阴影下，很多养猪人恐慌，不知所措。在没有有效防控措施的情况下，养殖户只能做出减产或清场的决定，低价卖猪，结果都损失惨重。这种情况，就像“多米诺骨牌效应”，跟风现象严重，造成区域性生猪存栏量急剧下降，存栏量不足去年同期的80%，而个别县区更低。苦尽甘来，让养猪人兴奋的是，最近大部分地区的猪价出现反弹，养猪进入盈利的阶段。可那些淘猪严重甚至清场的养殖朋友就开始后悔，若再坚持坚持就好了。\n\n　　事实已成，后悔无用。其实，我们更应该想的是，为什么会出现这种状况？有心理因素吗？有人为因素吗？我觉得都有。\n\n　　首先就是人的恐惧心理。面对非洲猪瘟，普通养猪人束手无策，只能拿起最后一根稻草——生物安全。养猪朋友们开始严格按照专家们的建议，教科书式的执行着所谓的生物安全，消毒药用量成倍增加，结果还是疑似发生了。于是乎，养猪人“一夜回到解放前”。而附近养猪的就想，邻家猪场做得那么严格都发生了，我们距离又近，我还能保住吗？一个字，淘！一传二，二传四，范围扩大，逐渐被围住的猪场老板就想，我能独善其身吗？又于是乎，淘猪就演变成了区域性的状态。所以，对非洲猪瘟的害怕和恐惧等心理作用，是当下养猪业最大的敌人，因为恐惧是会传播的。\n\n　　鉴于此，针对当下情况，养猪人要克服恐惧心理，不急于淘猪，要相信我们养猪业的未来，相信养猪会赚钱的；也要相信国家会为防控非洲猪瘟做出强有力的措施，相信国家会很快研制出非洲猪瘟疫苗。\n\n　　号召：为了养猪业健康发展，养猪人、兽医、专家、行业相关产业人士应共同能力，携手共渡难关。\n\n　　承若：我是兽医，我愿为防控非洲猪瘟尽一份微薄之力。', '卡德加', '2025-04-11 10:35:30', '2025-04-11 10:35:30', 9);
INSERT INTO `articles` VALUES (35, '关于中国养猪业发展趋势的6个大胆判断', '　伴随着非洲猪瘟的出现，中国宏观经济下行及人口老龄化等客观因素的重大影响，猪肉消费能力和数量将呈现出非常明显的下降趋势。猪肉消费量将从肉类消费量的近60%快速下降到50%左右，禽肉和反刍动物肉的比重将替代性增长。消费需求的较大幅度下降，会严重限制养猪产业链利润的变化，部分抵消因非洲猪瘟造成的猪肉价格上涨的预期，使养猪风险与获利之间的平衡被打破，必须重新审视其中的辩证逻辑关系。\n\n　　2\n　　基于养猪产业链两大风险——疫病流行和需求减少，再加上近期国家应对政策的不断调整和修订，使得养猪业风雨飘摇，不确定性增大。养猪者必然将越来越理性地做出结构、规模及布局三位一体的立体性调整，以此确保能够存活，然后才是挣钱。绝大多数企业面临的问题是过去从来没有过的，解决问题的途径与难度都是让企业举步维艰的，并且是失败不起的。此时，赢者不是依靠规模，也不是简单的生产效率和低成本。战略布局前所未有地成为大企业大集团第一要素：在哪里养猪、养多大规模、如何配套解决物流问题、盈利模式是什么、怎么样预防控制疫病的发生和有效快速处理风险等新问题，替代了价格和成本控制，将成为今后的热点话题。\n\n　　3\n　　由于国家应对非洲猪瘟的措施对猪肉供应方式的根本性改变：活猪运送改变为冷链配送，与之关联的屠宰加工和物流系统将发生巨大变革，养殖业直接布局屠宰加工时机成熟，那些在养猪方面投入大的上市公司自建或者合资建设屠宰场成为趋势。屠宰加工与养殖一体化全面开启，这也是元年。这意味着猪产业化开始实现真正意义上的全产业链运作。\n\n　　4\n　　非洲猪瘟的流行情况和特点，打破了有些人想借此机会彻底清除散养户和中小型家庭农场的愿望。事与愿违，中小型家庭农场的优势和生命力超出了他们的想象。某些大集团的脆弱和不堪一击，也是他们始料不及的。事实证明：能够顽强生存与发展的，不一定是所谓的强者，而是顺势而为的企业。家庭农场必将牢牢占据中国养猪业一席之地，成为不可或缺的重要成员。\n\n　　5\n　　活下来的不一定就会挣大钱！我们必须要看他们活下来的成本或者代价有多大，其次，还要看后续的发展空间有多大。千万不要为活而活！今后相当长的一段时间内猪价会持续走高是共识，同时猪价越高的地方也将是猪减少越多的地方。目前限运压死了许多疫病流行区域的养猪企业，当没有多少猪的时候，也会虚高猪价，有价无猪！幸免者寥寥无几，行业会因此受益吗，你凭什么会成为幸运者，应该去奢望吗？\n\n　　6\n　　北方和中原大部分地区已经深受非洲猪瘟的危害，南方似乎有些风平浪静了。可是春风会绿江南岸吗？覆巢之下，安有完卵？谁敢侥幸？岂敢掉以轻心？我不想说让人痛恨的话，但是没有人能够改变趋势。\n', '卡德加', '2025-04-11 10:35:56', '2025-04-11 10:35:56', 9);
INSERT INTO `articles` VALUES (36, '猪4%预混料配方', '考饲养标准和网上资料，做了个4％的仔猪预混料配方，请大家帮看看哪地方不合适。。。\n多维和多矿的方子写在下面。\n\n　	描述	每吨预混料的含量kg/T	折合到配合料中kg/T	单价\n元/kg	总价\n多维	仔猪多维	4.05	　	　	738\n多矿	仔猪多矿	53.90	　	　	422\nL－赖氨酸	L-lys＞98	50	2	13	650\nDL－蛋氨酸	99	5	0.2	57	285\n氯化胆碱	50%	30	1.2	7	210\n食盐		87.5	3.5	1	87.5\n磷酸氢钙	P16%，Ca21%	175	7	3.2	560\n石粉	Ca＞37%	250	10	0.5	125\n复合罗酶宝	　	10	0.4	10	100\n植酸酶	5000	2.5	0.1	12.5	31.25\n酸化剂	　	25	1	12	300\n抗敌素	10%	2.5	0.1	36	90\n杆菌肽锌	10%	12.5	0.5	10.8	135\n洛克沙胂	98.5%	2	0.08	78	156\n香味剂	　	1	0.04	16	16\n甜味剂	　	12.5	0.5	17	212.5\n抗氧化剂	30%乙氧基喹啉	1	0.04	9.5	9.5\n载体	　	275.55	8.47	0.5	137.7772966\n合计	　	1000.00	41.63	　	3843.580121\n多维	描述	每吨预混料的含量kg/t	折合到配合料中\nKIU/t,ppm	单价\n元/kg	总价\n元\nVA	50万IU/g	0.45	9000	288	129.6\nVD	50万IU/g	0.08	1500	55	4.125\nVE	50%	1.75	35	210	367.5\nVK	96%	0.06	2.4	150	9.375\nVB1	98%	0.05	2	150	7.653061224\nVB2	80%	0.13	4	160	20\nVB6	98%	0.05	2	160	8.163265306\nVB12	1%	0.06	0.024	290	17.4\n烟酸	98%	0.77	30	130	99.48979592\n叶酸	99%	0.03	1	290	7.323232323\n生物素	2%	0.13	0.1	270	33.75\n泛酸钙	98%	0.51	20	66	33.67346939\n合计	　	4.05	　	　	738.0528242\n　					　\n多矿	描述	每吨预混料的含量kg/t	折合到配合料中\nppm	单价\n元/kg	总价\n元\nCuSO4·5H2O	25%	18.00	180	16.5	297\nZnSO4·H2O	35%	10.71	150	7	75\nFeSO4·H2O	30%	6.25	75	3	18.75\n富马酸亚铁	15%	12.50	75	　	0\nMnSO4·H2O	31.80%	3.93	50	8	31.44654088\nNa2SeO3	1%	1.25	0.5	　	0\nKI	1%	1.25	0.5	　	0\n合计	　	53.90	　	　	422.1965409\n', '卡德加', '2025-04-11 10:36:39', '2025-04-11 10:36:39', 10);
INSERT INTO `articles` VALUES (37, '点评仔猪和中大猪浓缩料配方', '方一\n2600仔猪浓缩料配方	2600中猪浓缩料配方	2600乳猪浓缩料配方	2600大猪浓缩料配方\n大豆粕,2级\n78.00\n大豆粕,2级\n74.50\n大豆粕,2级\n56.00\n大豆粕,2级\n75.80\n味精蛋白\n4.00\nDDGS\n4.00\n膨化大豆粉\n14.00\n大豆粕，1级\n　\n进口鱼粉,\n6.00\n进口鱼粉,\n4.00\n进口鱼粉,\n10.00\n菜籽粕,2级\n　\n豆油\n1.00\n豆油\n1.00\n乳清粉\n12.00\n花生仁粕,2级\n　\n赖氨酸—65%\n0.85\n赖氨酸—98%\n0.50\n赖氨酸—98%\n0.00\n进口鱼粉\n2.00\n蛋氨酸\n　	\n蛋氨酸\n0.00\n蛋氨酸\n　	\n植物油\n1.00\n石粉\n4.00\n石粉\n5.00\n石粉\n2.50\nDDGS\n4.00\n磷酸氢钙\n2.50\n磷酸氢钙\n2.50\n磷酸氢钙\n2.50\n味精蛋白\n5.00\n盐\n1.60\n盐\n2.00\n盐\n0.50\n赖氨酸-98%\n0.30\n2%予混料182H\n2.00\n2%予混料182\n2.00\n1%予混料101A\n2.50\n石粉\n5.00\n植酸酶-5000\n0.05\n水解羽毛粉\n2.50\n水解羽毛粉\n0.00\n磷酸氢钙\n3.00\n玉米蛋白粉60\n0.00\n玉米蛋白粉60\n2.00\n玉米蛋白粉60\n0.00\n盐\n2.00\n浓缩料合计\n100.00\n浓缩料合计\n100.00\n浓缩料合计\n100.00\n2%予混料\n2.00\n成本\n4.15\n成本\n3.80\n成本\n5.28\n铜\n0.10\n包重40公斤	\n166.00\n包重40公斤	\n152.00\n包重40公斤	\n211.20\n浓缩料合计\n100.20\n推荐全价配方	小猪	推荐全价配方	小猪	推荐全价配方	乳猪	\n成本\n3.45\n玉米\n65.00\n玉米\n65.00\n玉米\n60.00\n包重40公斤	138.00\n小麦麸,1级\n10.00\n小麦麸,1级\n15.00\n小麦麸,1级\n0.00\n推荐全价配方	中猪\n浓缩料	\n25.00\n浓缩料	\n20.00\n浓缩料	\n40.00\n玉米\n65.00\n合计	\n100.00\n合计	\n100.00\n合计	\n100.00\n小麦麸,1级\n15.00\n　	　	　	　	　	　	浓缩料	20.00\n猪DE(Mcal/kg)	\n2.90\n猪DE(Mcal/kg)	\n2.85\n猪DE(Mcal/kg)	\n3.03\n合计	100.00\nCP(%)	\n40.90\nCP(%)	\n39.86\nCP(%)	\n36.07\n　	　\nEE(%)	\n3.25\nEE(%)	\n3.50\nEE(%)	\n4.39\n猪DE(Mcal/kg)	\n2.87\n钙(%)	\n2.57\n钙(%)	\n2.89\n钙(%)	\n2.26\nCP(%)	\n38.00\nP(%)	\n1.06\nP(%)	\n1.03\nP(%)	\n1.19\nEE(%)	\n2.99\nPav(%)	\n0.70\nPav(%)	\n0.70\nPav(%)	\n0.90\n钙(%)	\n2.91\nLys(%)	\n3.49\nLys(%)	\n3.32\nLys(%)	\n3.01\nP(%)	\n1.04\nMET(%)	\n0.63\nMET(%)	\n0.59\nMET(%)	\n0.60\nPav(%)	\n0.71\nCYS(%)	\n0.59\nCYS(%)	\n0.62\nCYS(%)	\n0.54\nLys(%)	\n3.04\nM+C(%)	\n1.25\nM+C(%)	\n1.24\nM+C(%)	\n1.16\nMET(%)	\n0.50\n苏氨酸(%)	\n1.70\n苏氨酸(%)	\n1.67\n苏氨酸(%)	\n1.61\nCYS(%)	\n0.51\n色氨酸(%)	\n0.59\n色氨酸(%)	\n0.56\n色氨酸(%)	\n0.53\nM+C(%)	\n1.03\n　	苏氨酸(%)	\n1.52\n　	色氨酸(%)	\n0.53\n', '卡德加', '2025-04-11 10:40:57', '2025-04-11 10:40:57', 11);
INSERT INTO `articles` VALUES (38, '乳化油脂对母猪可优化解决的问题', '<table cellspacing=\"0\" cellpadding=\"0\">\n<tbody>\n<tr>\n<td id=\"postmessage_3381550\" class=\"t_f\">\n<table class=\"t_table\" cellspacing=\"0\">\n<tbody>\n<tr>\n<td><span style=\"color: #333333;\"><span style=\"font-family: &amp;quot;\">1、组成细胞膜</span></span><br><span style=\"color: #333333;\"><span style=\"font-family: &amp;quot;\">多不饱和脂肪酸是细胞膜磷脂的重要组成部分，是决定细胞膜功能的重要因素。产品可促进乳腺腺泡和细小乳导管的分泌上皮细胞的发育，加强膜流动性，从而促进膜上物质转运。</span></span><br><br><br><span style=\"color: #333333;\"><span style=\"font-family: &amp;quot;\">2、调节泌乳激素</span></span><br><span style=\"color: #333333;\"><span style=\"font-family: &amp;quot;\">产品中的多不饱和脂肪酸在体内能够合成雌激素、孕酮等类固醇激素，从而调节母猪的乳腺发育及泌乳机能，明显提高母猪泌乳量。</span></span><br><br><br><span style=\"color: #333333;\"><span style=\"font-family: &amp;quot;\">3、提高奶水质量</span></span><br><span style=\"color: #333333;\"><span style=\"font-family: &amp;quot;\">提供母乳中所需的脂肪酸模式，提升母乳质量，促使母猪顺畅泌乳，减少乳房炎的发生几率。</span></span><br><span style=\"color: #333333;\"><span style=\"font-family: &amp;quot;\">4、提高抗病力</span></span><br><span style=\"color: #333333;\"><span style=\"font-family: &amp;quot;\">产品中含有较为丰富的不饱和脂肪酸和必需脂肪酸，提供机体免疫和肠道修复的组分。</span></span><br><span style=\"color: #333333;\"><span style=\"font-family: &amp;quot;\">5、提升仔猪质量（怀孕母猪）</span></span><br><span style=\"color: #333333;\"><span style=\"font-family: &amp;quot;\">多不饱和脂肪酸可以增加红细胞的柔韧性，增加血液的流速和红细胞的携氧能力，促进穿过胎膜的血液和营养转运，供给胎儿更多的营养，提高仔猪的成活率和初生重。</span></span><br><span style=\"color: #333333;\"><span style=\"font-family: &amp;quot;\">6、促进发情</span></span><br><span style=\"color: #333333;\"><span style=\"font-family: &amp;quot;\">产品中的必需脂肪酸能够完善母猪生殖机能，保证生殖健康，从而促使母猪正常发情。</span></span><br><span style=\"color: #333333;\"><span style=\"font-family: &amp;quot;\">7、提高产乳量与乳营养</span></span><br><span style=\"color: #333333;\"><span style=\"font-family: &amp;quot;\">富含高消化率水溶性脂肪，提供哺乳母猪能量快速补充，提高产乳量与乳营养，提高断奶仔猪成活率增强哺乳母猪体质。</span></span><br><span style=\"font-family: 微软雅黑;\">要是有兴趣，直接联系vx：J13750353099</span><img src=\"http://www.xumuren.com/static/image/smiley/default/handshake.gif\" alt=\"\" border=\"0\"></td>\n</tr>\n</tbody>\n</table>\n</td>\n</tr>\n</tbody>\n</table>\n<p>&nbsp;</p>', '匿名', '2025-04-11 10:41:08', '2025-04-11 10:41:08', 15);
INSERT INTO `articles` VALUES (39, '后备母猪的饲养管理与保健', '<p><span style=\"color: #000000;\">后备母猪的饲养管理是母猪饲养的关键阶段，这一阶段的饲养管理阶段为生产母猪打下良好的基础，对成年后的生产性能、使用年限都有积极的影响。</span><br><span style=\"color: #000000;\">你可以根据你猪场后备母猪的情况设计合适的日粮，不同品种的猪具有不同的营养标准。还要考虑后备母猪的环境条件，因为环境条件会影响猪每日营养的摄入量和采食量。</span><br><span style=\"color: #000000;\">后备母猪每天所需要的消化能摄入量不能少于30MJ；其次钙、磷等维生素的摄入量也不能少，要保证日粮的营养水平，还要注意控制后备母猪的背膘厚度，既不能过多也不能过少，过少的话不利于提高母猪的繁殖能力，过多的话可能会给母猪的生产造成诸多的不便。后备母猪初配时背膘处于16~22mm的厚度时较为适合。</span><br><span style=\"color: #000000;\">当然也要提高环境卫生，应保持圈舍清洁、干燥、饮水应清洁卫生。饲养人员进入猪舍时也要做好自身的卫生清洁，穿好无菌服，同时根据季节的变化做好通风工作，防止口蹄疫和猪瘟等疾病的发生，夏季应定期做好对猪舍内外环境的驱蚊蝇消毒工作，同时做好温度稳定，避免温度应激。</span></p>', '卡德加', '2025-04-18 14:37:14', '2025-04-18 14:37:14', 3);

-- ----------------------------
-- Table structure for conversation
-- ----------------------------
DROP TABLE IF EXISTS `conversation`;
CREATE TABLE `conversation`  (
  `id` bigint NOT NULL AUTO_INCREMENT COMMENT '主键ID',
  `session_id` bigint NOT NULL COMMENT '会话ID',
  `user_id` int NOT NULL COMMENT '用户ID',
  `user_input` text CHARACTER SET utf8mb4 COLLATE utf8mb4_0900_ai_ci NOT NULL COMMENT '用户输入',
  `ai_response` text CHARACTER SET utf8mb4 COLLATE utf8mb4_0900_ai_ci NOT NULL COMMENT 'AI回复',
  `conversation_time` datetime NOT NULL DEFAULT CURRENT_TIMESTAMP COMMENT '对话时间',
  `model_name` varchar(255) CHARACTER SET utf8mb4 COLLATE utf8mb4_0900_ai_ci NULL DEFAULT NULL COMMENT 'AI模型名称',
  `response_time` decimal(10, 2) NULL DEFAULT NULL COMMENT 'AI响应时间（秒）',
  PRIMARY KEY (`id`) USING BTREE
) ENGINE = InnoDB AUTO_INCREMENT = 16 CHARACTER SET = utf8mb4 COLLATE = utf8mb4_0900_ai_ci COMMENT = '对话' ROW_FORMAT = DYNAMIC;

-- ----------------------------
-- Records of conversation
-- ----------------------------
INSERT INTO `conversation` VALUES (12, 1, 9, '你好', '你好！有什么问题或需要帮助的吗？', '2025-10-09 15:35:34', 'qwen2.5:latest', 1.25);
INSERT INTO `conversation` VALUES (13, 1, 9, '我的狗狗最近食欲不振', '听到您的狗狗食欲不振，这确实会让宠物主人感到担心。以下是一些可能导致狗狗食欲下降的原因以及一些建议：\n\n1. **健康问题**：首先需要考虑的是是否有健康方面的问题导致的食欲下降，比如消化系统疾病、感染（如口腔炎）、寄生虫等。如果您的狗狗除了食欲不振外还有其他异常表现，建议尽快带它去看兽医。\n\n2. **环境变化**：搬家、换新主人或家庭成员变动等因素也可能影响宠物的情绪和饮食习惯。尽量保持稳定的日常作息和生活环境有助于缓解这种情况。\n\n3. **食物问题**：有时候狗狗可能对当前的食物不再感兴趣。可以尝试更换一种新的狗粮，或者调整喂食时间，看看是否能刺激其食欲。\n\n4. **压力或焦虑**：如果您的狗狗最近经历了某些让它感到压力或焦虑的事情（如噪音、分离等），这也可能是原因之一。提供足够的关爱和陪伴，帮助它缓解情绪。\n\n5. **牙齿问题**：口腔健康对宠物来说非常重要。如果有牙龈炎或其他口腔疾病，也会影响到它们的食欲。定期给狗狗刷牙，并注意观察其口腔是否有异常。\n\n总之，在采取任何措施之前，请先咨询兽医的意见以确保没有潜在的健康风险。希望这些建议能够帮助到您和您的爱宠！', '2025-10-09 15:36:09', 'qwen2.5:latest', 14.26);
INSERT INTO `conversation` VALUES (14, 3, 2, '你是什么模型', '我是Qwen，由阿里云开发的预训练语言模型。我能够生成各种文本内容，如文章、故事、诗歌等，并能根据不同的场景和需求进行变换和扩展。如果您有任何问题或需要帮助，请随时告诉我！', '2025-10-10 04:09:45', 'qwen2.5:latest', 28.29);
INSERT INTO `conversation` VALUES (15, 1, 9, '猪瘟（Classical Swine Fever）', '### 关于猪瘟（Classical Swine Fever）\n\n#### 症状：\n- 高热（40–42℃）\n- 精神沉郁\n- 食欲废绝\n- 皮肤出血点\n- 初期便秘，后期腹泻\n- 神经症状（疾病后期出现）\n\n#### 防治措施：\n1. **预防为主**：由于目前尚无特效治疗药物，主要依赖于疫苗接种和严格的生物安全管理。\n2. **紧急接种**：对于未发病猪群，应立即进行猪瘟兔化弱毒疫苗的紧急接种。\n3. **扑杀与消毒**：一旦确诊猪瘟，需要立即对病猪进行扑杀，并严格实施环境消毒。未经处理的场所不得重新引入健康猪只。\n4. **禁止使用抗生素治疗病毒性疾病**：猪瘟属于病毒感染，不建议使用抗生素来治疗。\n\n#### 注意事项：\n- 严格按照生物安全措施操作，避免疾病传播。\n- 加强饲养管理，提高猪群整体抵抗力。\n- 定期监测和免疫接种以预防疾病发生。\n\n### 来源依据\n- **本地知识**：直接引用了提供的关于猪瘟的详细描述。\n- **综合自身知识**：补充说明了目前没有特效治疗药物，并强调了“防重于治”的原则，这是基于当前兽医科学的一般共识。\n\n以上信息提供了清晰、权威且可执行的答案。希望这些措施能帮助有效预防和控制猪瘟的发生与传播。', '2025-10-10 07:00:24', 'qwen2.5:latest', 39.22);

-- ----------------------------
-- Table structure for conversation_session
-- ----------------------------
DROP TABLE IF EXISTS `conversation_session`;
CREATE TABLE `conversation_session`  (
  `id` bigint NOT NULL AUTO_INCREMENT COMMENT '会话ID',
  `user_id` int NOT NULL COMMENT '用户ID',
  `title` varchar(255) CHARACTER SET utf8mb4 COLLATE utf8mb4_0900_ai_ci NULL DEFAULT '新对话' COMMENT '会话标题',
  `status` tinyint NOT NULL DEFAULT 1 COMMENT '状态: 1-进行中, 2-已结束',
  `model_name` varchar(255) CHARACTER SET utf8mb4 COLLATE utf8mb4_0900_ai_ci NULL DEFAULT NULL COMMENT 'AI模型名称',
  `create_time` datetime NOT NULL DEFAULT CURRENT_TIMESTAMP COMMENT '创建时间',
  `update_time` datetime NOT NULL DEFAULT CURRENT_TIMESTAMP ON UPDATE CURRENT_TIMESTAMP COMMENT '更新时间',
  PRIMARY KEY (`id`) USING BTREE,
  INDEX `idx_user_id`(`user_id` ASC) USING BTREE
) ENGINE = InnoDB AUTO_INCREMENT = 4 CHARACTER SET = utf8mb4 COLLATE = utf8mb4_0900_ai_ci COMMENT = '会话主表' ROW_FORMAT = Dynamic;

-- ----------------------------
-- Records of conversation_session
-- ----------------------------
INSERT INTO `conversation_session` VALUES (1, 9, '新对话', 1, NULL, '2025-10-09 23:35:28', '2025-10-09 23:35:28');
INSERT INTO `conversation_session` VALUES (2, 9, '新对话', 1, NULL, '2025-10-09 23:35:28', '2025-10-09 23:35:28');
INSERT INTO `conversation_session` VALUES (3, 2, '新对话', 1, NULL, '2025-10-10 12:08:55', '2025-10-10 12:08:55');

-- ----------------------------
-- Table structure for feedback
-- ----------------------------
DROP TABLE IF EXISTS `feedback`;
CREATE TABLE `feedback`  (
  `id` int NOT NULL AUTO_INCREMENT COMMENT '主键ID',
  `name` varchar(11) CHARACTER SET utf8mb4 COLLATE utf8mb4_0900_ai_ci NULL DEFAULT NULL COMMENT '反馈用户',
  `email` varchar(255) CHARACTER SET utf8mb4 COLLATE utf8mb4_0900_ai_ci NULL DEFAULT NULL COMMENT '邮箱地址',
  `title` varchar(255) CHARACTER SET utf8mb4 COLLATE utf8mb4_0900_ai_ci NULL DEFAULT NULL COMMENT '反馈标题',
  `content` text CHARACTER SET utf8mb4 COLLATE utf8mb4_0900_ai_ci NULL COMMENT '反馈内容',
  `create_time` datetime NULL DEFAULT CURRENT_TIMESTAMP COMMENT '创建时间',
  `update_time` datetime NULL DEFAULT CURRENT_TIMESTAMP ON UPDATE CURRENT_TIMESTAMP COMMENT '更新时间',
  PRIMARY KEY (`id`) USING BTREE
) ENGINE = InnoDB AUTO_INCREMENT = 13 CHARACTER SET = utf8mb4 COLLATE = utf8mb4_0900_ai_ci COMMENT = '反馈' ROW_FORMAT = DYNAMIC;

-- ----------------------------
-- Records of feedback
-- ----------------------------
INSERT INTO `feedback` VALUES (6, '路人甲', '31952874@qq.com', '测试一号', '测试这个系统有问题吗？', '2022-05-03 16:13:59', '2022-05-03 16:13:59');
INSERT INTO `feedback` VALUES (8, '小李飞刀', '31952874@qq.com', '测试333', '测试333', '2025-04-07 02:58:53', '2025-04-07 02:58:53');
INSERT INTO `feedback` VALUES (12, '林一', '13112665250@139.com', '不错', '1', '2025-04-24 14:36:28', '2025-04-24 14:36:28');

-- ----------------------------
-- Table structure for files
-- ----------------------------
DROP TABLE IF EXISTS `files`;
CREATE TABLE `files`  (
  `id` int NOT NULL AUTO_INCREMENT COMMENT '主键id',
  `file_name` varchar(255) CHARACTER SET utf8mb4 COLLATE utf8mb4_0900_ai_ci NOT NULL COMMENT '文件名',
  `file_path` varchar(255) CHARACTER SET utf8mb4 COLLATE utf8mb4_0900_ai_ci NOT NULL COMMENT '文件在 MinIO 中的路径',
  `file_size` bigint NOT NULL COMMENT '文件大小，单位为字节',
  `content_type` varchar(100) CHARACTER SET utf8mb4 COLLATE utf8mb4_0900_ai_ci NULL DEFAULT NULL COMMENT '文件的 MIME 类型',
  `url` varchar(500) CHARACTER SET utf8mb4 COLLATE utf8mb4_0900_ai_ci NOT NULL COMMENT '文件的url',
  `upload_time` timestamp NULL DEFAULT CURRENT_TIMESTAMP COMMENT '文件上传时间',
  `bucket_name` varchar(100) CHARACTER SET utf8mb4 COLLATE utf8mb4_0900_ai_ci NOT NULL COMMENT '文件存储的 MinIO 桶名称',
  PRIMARY KEY (`id`) USING BTREE
) ENGINE = InnoDB AUTO_INCREMENT = 9 CHARACTER SET = utf8mb4 COLLATE = utf8mb4_0900_ai_ci COMMENT = '文件信息' ROW_FORMAT = DYNAMIC;

-- ----------------------------
-- Records of files
-- ----------------------------
INSERT INTO `files` VALUES (1, 'd5d096a22b6340d182016beba5183f2f.docx', '/pig-health/2025/02/26/d5d096a22b6340d182016beba5183f2f.docx', 2995033, 'application/vnd.openxmlformats-officedocument.wordprocessingml.document', 'http://172.17.45.92:9000/pig-health/2025/02/26/d5d096a22b6340d182016beba5183f2f.docx', '2025-02-26 10:11:31', 'pig-health');
INSERT INTO `files` VALUES (2, '330c5255373841029496aa15d5c384b9.png', '/pig-health/2025/02/26/330c5255373841029496aa15d5c384b9.png', 159686, 'image/png', 'http://172.17.45.92:9000/pig-health/2025/02/26/330c5255373841029496aa15d5c384b9.png', '2025-02-26 10:12:50', 'pig-health');
INSERT INTO `files` VALUES (3, 'c1f5601d95014cf8aea1b12aff78a89d.png', '/pig-health/2025/02/26/c1f5601d95014cf8aea1b12aff78a89d.png', 159686, 'image/png', 'http://172.17.45.92:9000/pig-health/2025/02/26/c1f5601d95014cf8aea1b12aff78a89d.png', '2025-02-26 10:14:49', 'pig-health');
INSERT INTO `files` VALUES (4, '570e607aadfc41d0b2a49e7447c01e5d.png', '/pig-health/2025/02/26/570e607aadfc41d0b2a49e7447c01e5d.png', 159686, 'image/png', 'http://172.17.45.92:9000/pig-health/2025/02/26/570e607aadfc41d0b2a49e7447c01e5d.png', '2025-02-26 10:15:46', 'pig-health');
INSERT INTO `files` VALUES (5, 'f0017491d55e49679607c485d373a977.png', '/pig-health/2025/02/26/f0017491d55e49679607c485d373a977.png', 159686, 'image/png', 'http://172.17.45.92:9000/pig-health/2025/02/26/f0017491d55e49679607c485d373a977.png', '2025-02-26 15:41:11', 'pig-health');
INSERT INTO `files` VALUES (6, 'eef17dac4b5e4fa68236b1879ae1099f.jpg', '/pig-health/2025/04/19/eef17dac4b5e4fa68236b1879ae1099f.jpg', 38002, 'image/jpeg', 'http://117.72.101.170:9000/pig-health/2025/04/19/eef17dac4b5e4fa68236b1879ae1099f.jpg', '2025-04-19 16:29:59', 'pig-health');
INSERT INTO `files` VALUES (7, '688138d12cb144e39d8b7630fd29d2da.jpg', '/pig-health/2025/04/19/688138d12cb144e39d8b7630fd29d2da.jpg', 38002, 'image/jpeg', 'http://117.72.101.170:9000/pig-health/2025/04/19/688138d12cb144e39d8b7630fd29d2da.jpg', '2025-04-19 16:30:52', 'pig-health');
INSERT INTO `files` VALUES (8, 'fe621d5ccb9f445f939ff960649dd80d.jpg', '/pig-health/2025/04/19/fe621d5ccb9f445f939ff960649dd80d.jpg', 38002, 'image/jpeg', 'http://117.72.101.170:9000/pig-health/2025/04/19/fe621d5ccb9f445f939ff960649dd80d.jpg', '2025-04-19 17:14:52', 'pig-health');

-- ----------------------------
-- Table structure for history
-- ----------------------------
DROP TABLE IF EXISTS `history`;
CREATE TABLE `history`  (
  `id` int NOT NULL AUTO_INCREMENT COMMENT '用户搜索历史主键id',
  `user_id` int NULL DEFAULT NULL COMMENT '用户ID',
  `keyword` varchar(255) CHARACTER SET utf8mb4 COLLATE utf8mb4_0900_ai_ci NULL DEFAULT NULL COMMENT '搜索关键字',
  `operate_type` int NULL DEFAULT NULL COMMENT '类型：1搜索，2科目，3药品',
  `create_time` datetime NULL DEFAULT CURRENT_TIMESTAMP COMMENT '创建时间',
  `update_time` datetime NULL DEFAULT CURRENT_TIMESTAMP ON UPDATE CURRENT_TIMESTAMP COMMENT '更新时间',
  PRIMARY KEY (`id`) USING BTREE
) ENGINE = InnoDB AUTO_INCREMENT = 160 CHARACTER SET = utf8mb4 COLLATE = utf8mb4_0900_ai_ci COMMENT = '操作记录' ROW_FORMAT = DYNAMIC;

-- ----------------------------
-- Records of history
-- ----------------------------
INSERT INTO `history` VALUES (126, 4, '10,无', 1, '2022-05-03 16:09:34', '2022-05-03 16:09:34');
INSERT INTO `history` VALUES (127, 4, '10,无', 1, '2022-05-03 16:09:40', '2022-05-03 16:09:40');
INSERT INTO `history` VALUES (128, 4, '病毒性感冒', 2, '2022-05-03 16:09:48', '2022-05-03 16:09:48');
INSERT INTO `history` VALUES (129, 4, '10,无', 1, '2022-05-03 16:09:52', '2022-05-03 16:09:52');
INSERT INTO `history` VALUES (130, 4, '湿疹', 2, '2022-05-03 16:12:15', '2022-05-03 16:12:15');
INSERT INTO `history` VALUES (131, 4, '偏头痛', 2, '2022-05-03 16:12:49', '2022-05-03 16:12:49');
INSERT INTO `history` VALUES (132, 5, '7,无', 1, '2022-05-03 16:17:41', '2022-05-03 16:17:41');
INSERT INTO `history` VALUES (133, 5, '湿疹', 2, '2022-05-03 16:17:53', '2022-05-03 16:17:53');
INSERT INTO `history` VALUES (134, 5, '感冒', 2, '2022-05-03 16:18:08', '2022-05-03 16:18:08');
INSERT INTO `history` VALUES (135, 5, '17,无', 1, '2022-05-03 16:18:22', '2022-05-03 16:18:22');
INSERT INTO `history` VALUES (136, 5, '17,溃疡', 1, '2022-05-03 16:18:28', '2022-05-03 16:18:28');
INSERT INTO `history` VALUES (137, 5, '溃疡', 2, '2022-05-03 16:18:28', '2022-05-03 16:18:28');
INSERT INTO `history` VALUES (138, 5, '17,溃疡', 1, '2022-05-03 16:26:48', '2022-05-03 16:26:48');
INSERT INTO `history` VALUES (139, 5, '溃疡', 2, '2022-05-03 16:26:48', '2022-05-03 16:26:48');
INSERT INTO `history` VALUES (140, 5, '17,溃疡', 1, '2022-05-03 16:28:20', '2022-05-03 16:28:20');
INSERT INTO `history` VALUES (141, 5, '溃疡', 2, '2022-05-03 16:28:20', '2022-05-03 16:28:20');
INSERT INTO `history` VALUES (142, 5, '17,溃疡', 1, '2022-05-03 16:33:52', '2022-05-03 16:33:52');
INSERT INTO `history` VALUES (143, 5, '溃疡', 2, '2022-05-03 16:33:52', '2022-05-03 16:33:52');
INSERT INTO `history` VALUES (144, 5, '溃疡', 2, '2022-05-03 16:34:08', '2022-05-03 16:34:08');
INSERT INTO `history` VALUES (145, 5, '7,无', 1, '2022-05-03 16:37:57', '2022-05-03 16:37:57');
INSERT INTO `history` VALUES (146, 5, '9,无', 1, '2022-05-03 16:38:34', '2022-05-03 16:38:34');
INSERT INTO `history` VALUES (147, 5, '9,无', 1, '2022-05-03 16:41:59', '2022-05-03 16:41:59');
INSERT INTO `history` VALUES (148, 5, '9,无', 1, '2022-05-03 16:42:14', '2022-05-03 16:42:14');
INSERT INTO `history` VALUES (149, 5, '9,无', 1, '2022-05-03 16:42:45', '2022-05-03 16:42:45');
INSERT INTO `history` VALUES (150, 5, '9,无', 1, '2022-05-03 16:43:54', '2022-05-03 16:43:54');
INSERT INTO `history` VALUES (151, 5, '9,无', 1, '2022-05-03 16:44:26', '2022-05-03 16:44:26');
INSERT INTO `history` VALUES (152, 5, '9,无', 1, '2022-05-03 16:44:45', '2022-05-03 16:44:45');
INSERT INTO `history` VALUES (153, 5, '2,无', 1, '2022-05-03 16:44:51', '2022-05-03 16:44:51');
INSERT INTO `history` VALUES (154, 5, '2,无', 1, '2022-05-03 16:45:46', '2022-05-03 16:45:46');
INSERT INTO `history` VALUES (155, 5, '1', 3, '2022-05-07 15:34:34', '2022-05-07 15:34:34');
INSERT INTO `history` VALUES (156, 4, '牙周炎', 2, '2022-07-14 19:32:05', '2022-07-14 19:32:05');
INSERT INTO `history` VALUES (157, 4, '9,无', 1, '2022-07-14 19:32:52', '2022-07-14 19:32:52');
INSERT INTO `history` VALUES (158, 4, '1,无', 1, '2022-07-14 19:32:56', '2022-07-14 19:32:56');
INSERT INTO `history` VALUES (159, 4, '17,无', 1, '2022-07-14 19:32:59', '2022-07-14 19:32:59');

-- ----------------------------
-- Table structure for illness
-- ----------------------------
DROP TABLE IF EXISTS `illness`;
CREATE TABLE `illness`  (
  `id` int NOT NULL AUTO_INCREMENT COMMENT '疾病id',
  `kind_id` int NULL DEFAULT NULL COMMENT '疾病分类ID',
  `illness_name` varchar(100) CHARACTER SET utf8mb4 COLLATE utf8mb4_0900_ai_ci NULL DEFAULT NULL COMMENT '疾病名字',
  `include_reason` mediumtext CHARACTER SET utf8mb4 COLLATE utf8mb4_0900_ai_ci NULL COMMENT '诱发因素',
  `illness_symptom` mediumtext CHARACTER SET utf8mb4 COLLATE utf8mb4_0900_ai_ci NULL COMMENT '疾病症状',
  `special_symptom` mediumtext CHARACTER SET utf8mb4 COLLATE utf8mb4_0900_ai_ci NULL COMMENT '特殊症状',
  `create_time` datetime NULL DEFAULT CURRENT_TIMESTAMP COMMENT '创建时间',
  `update_time` datetime NULL DEFAULT CURRENT_TIMESTAMP ON UPDATE CURRENT_TIMESTAMP COMMENT '更新时间',
  PRIMARY KEY (`id`) USING BTREE
) ENGINE = InnoDB AUTO_INCREMENT = 121227 CHARACTER SET = utf8mb4 COLLATE = utf8mb4_0900_ai_ci COMMENT = '疾病' ROW_FORMAT = DYNAMIC;

-- ----------------------------
-- Records of illness
-- ----------------------------
INSERT INTO `illness` VALUES (121213, 18, '猪肺炎1', '<h3 class=\"header-jfw95c auto-hide-last-sibling-br\" style=\"text-align: center;\"><strong>一、诱发因素</strong></h3>\n<ol class=\"auto-hide-last-sibling-br\">\n<li style=\"text-align: center;\">\n<div class=\"auto-hide-last-sibling-br paragraph-qzbcQC paragraph-element br-paragraph-space\"><strong>病原体感染</strong></div>\n<ul class=\"auto-hide-last-sibling-br\">\n<li><strong>细菌性</strong>：如猪肺炎支原体（支原体肺炎）、多杀性巴氏杆菌（巴氏杆菌病）、胸膜肺炎放线杆菌（传染性胸膜肺炎）、副猪嗜血杆菌等。</li>\n<li><strong>病毒性</strong>：如猪繁殖与呼吸综合征病毒（蓝耳病）、猪流感病毒、伪狂犬病病毒、猪圆环病毒（继发感染）等。</li>\n<li><strong>其他病原</strong>：如衣原体、霉菌（如曲霉菌）、寄生虫（如肺丝虫）等。</li>\n</ul>\n</li>\n<li>\n<div class=\"auto-hide-last-sibling-br paragraph-qzbcQC paragraph-element br-paragraph-space\" style=\"text-align: center;\"><strong>环境因素</strong></div>\n<ul class=\"auto-hide-last-sibling-br\">\n<li style=\"text-align: center;\">猪舍通风不良、空气浑浊（氨气浓度过高）、潮湿或干燥。</li>\n<li style=\"text-align: center;\">养殖密度过高，导致应激和交叉感染风险增加。</li>\n<li style=\"text-align: center;\">温度骤变、昼夜温差大或冬季防寒不足，诱发呼吸道黏膜屏障受损。</li>\n<li style=\"text-align: center;\">饲料粉尘、霉菌毒素（如黄曲霉毒素）刺激呼吸道。</li>\n</ul>\n</li>\n</ol>', '<h3 class=\"header-jfw95c auto-hide-last-sibling-br\" style=\"text-align: center;\"><strong>二、疾病症状（典型共性症状）</strong></h3>\n<ol class=\"auto-hide-last-sibling-br\">\n<li style=\"text-align: center;\">\n<div class=\"auto-hide-last-sibling-br paragraph-qzbcQC paragraph-element br-paragraph-space\"><strong>全身症状</strong></div>\n<ul class=\"auto-hide-last-sibling-br\">\n<li>体温升高（39.5℃以上，细菌性肺炎常达 40-41℃）。</li>\n<li>精神沉郁，食欲减退或废绝，体重增长缓慢。</li>\n<li>仔猪可能出现被毛粗乱、消瘦、扎堆取暖。</li>\n</ul>\n</li>\n<li style=\"text-align: center;\">\n<div class=\"auto-hide-last-sibling-br paragraph-qzbcQC paragraph-element br-paragraph-space\"><strong>呼吸道症状</strong></div>\n<ul class=\"auto-hide-last-sibling-br\">\n<li><strong>咳嗽</strong>：频繁干咳（如支原体肺炎）或湿咳（细菌性肺炎伴分泌物）。</li>\n<li><strong>呼吸困难</strong>：呼吸频率加快（腹式呼吸），严重时张口喘气、鼻翼扇动。</li>\n<li><strong>鼻腔分泌物</strong>：浆液性（初期）、黏液性或脓性（细菌性感染），部分病例带血（如胸膜肺炎）。</li>\n</ul>\n</li>\n<li>\n<div class=\"auto-hide-last-sibling-br paragraph-qzbcQC paragraph-element br-paragraph-space\" style=\"text-align: center;\"><strong>肺部听诊</strong></div>\n<ul class=\"auto-hide-last-sibling-br\">\n<li style=\"text-align: center;\">可闻及湿性啰音、干啰音或胸膜摩擦音（胸膜炎时）。</li>\n</ul>\n</li>\n</ol>', '<h3 class=\"header-jfw95c auto-hide-last-sibling-br\" style=\"text-align: center;\"><strong>三、特殊症状（不同病原 / 类型的特征表现）</strong></h3>\n<ol class=\"auto-hide-last-sibling-br\">\n<li style=\"text-align: center;\">\n<div class=\"auto-hide-last-sibling-br paragraph-qzbcQC paragraph-element br-paragraph-space\"><strong>猪支原体肺炎（地方流行性肺炎）</strong></div>\n<ul class=\"auto-hide-last-sibling-br\">\n<li><strong>慢性干咳</strong>：清晨、运动后或气温骤变时咳嗽加剧，呈连续性或痉挛性。</li>\n<li><strong>气喘</strong>：呼吸频率可达 60-80 次 / 分钟，呈明显的腹式呼吸，无明显发热。</li>\n<li><strong>生长缓慢</strong>：病程长，影响饲料转化率，俗称 &ldquo;气喘病&rdquo;。</li>\n</ul>\n</li>\n<li style=\"text-align: center;\">\n<div class=\"auto-hide-last-sibling-br paragraph-qzbcQC paragraph-element br-paragraph-space\"><strong>传染性胸膜肺炎</strong></div>\n<ul class=\"auto-hide-last-sibling-br\">\n<li><strong>急性死亡</strong>：育肥猪多见，死前可能无明显症状，或表现张口呼吸、口鼻流带血泡沫。</li>\n<li><strong>剖检特征</strong>：肺脏与胸膜粘连，胸腔有血色积液，肺实质可见出血性坏死。</li>\n</ul>\n</li>\n<li style=\"text-align: center;\">\n<div class=\"auto-hide-last-sibling-br paragraph-qzbcQC paragraph-element br-paragraph-space\"><strong>蓝耳病继发肺炎</strong></div>\n<ul class=\"auto-hide-last-sibling-br\">\n<li><strong>耳部发绀</strong>：耳尖、边缘或腹部皮肤出现蓝紫色斑块。</li>\n<li><strong>繁殖障碍</strong>：母猪流产、死胎；仔猪呼吸困难、存活率低。</li>\n</ul>\n</li>\n<li style=\"text-align: center;\">\n<div class=\"auto-hide-last-sibling-br paragraph-qzbcQC paragraph-element br-paragraph-space\"><strong>巴氏杆菌病（肺疫）</strong></div>\n<ul class=\"auto-hide-last-sibling-br\">\n<li><strong>咽喉部肿胀</strong>：颈部皮下水肿，呼吸困难伴犬坐姿势。</li>\n<li><strong>败血症症状</strong>：皮肤出现紫斑，死亡率较高。</li>\n</ul>\n</li>\n<li>\n<div class=\"auto-hide-last-sibling-br paragraph-qzbcQC paragraph-element br-paragraph-space\" style=\"text-align: center;\"><strong>霉菌性肺炎（如曲霉菌病）</strong></div>\n<ul class=\"auto-hide-last-sibling-br\">\n<li style=\"text-align: center;\"><strong>体温正常或微升</strong>：咳嗽较轻，呼吸音粗粝，伴鼻黏膜溃疡或结节。</li>\n<li style=\"text-align: center;\"><strong>剖检可见</strong>：肺脏有灰白色霉菌结节或菌丝团。</li>\n<li>\n<h3 class=\"header-jfw95c auto-hide-last-sibling-br\" style=\"text-align: center;\"><strong>四、注意事项</strong></h3>\n<div class=\"auto-hide-last-sibling-br paragraph-qzbcQC paragraph-element br-paragraph-space\" style=\"text-align: center;\">猪肺炎常呈混合感染（如 &ldquo;蓝耳病 + 支原体 + 巴氏杆菌&rdquo;），症状复杂，需结合流行病学、剖检病变及实验室检测（病原分离、PCR）确诊。预防关键在于改善养殖环境、做好疫苗免疫（如支原体、胸膜肺炎疫苗）及减少应激，治疗需根据病原选择敏感抗生素（如泰妙菌素、氟苯尼考）或抗病毒药物（配合干扰素等）。</div>\n</li>\n</ul>\n</li>\n</ol>', '2025-02-25 23:45:49', '2025-02-25 23:45:49');
INSERT INTO `illness` VALUES (121214, 18, '猪肺炎2', '饲料霉变', '食欲减退、消瘦', '肺部啰音', '2025-02-25 23:45:49', '2025-02-25 23:45:49');
INSERT INTO `illness` VALUES (121215, 18, '猪肺炎3', '病毒感染', '精神萎靡、咳嗽', '肺部炎症', '2025-02-25 23:45:49', '2025-02-25 23:45:49');
INSERT INTO `illness` VALUES (121216, 19, '水肿病1', '<div class=\"auto-hide-last-sibling-br paragraph-qzbcQC paragraph-element br-paragraph-space\">生猪水肿病（猪大肠杆菌性水肿病）的发生与多种应激及饲养管理因素密切相关，核心诱因包括：</div>\n<ul class=\"auto-hide-last-sibling-br\">\n<li><strong>肠道菌群失衡</strong>：断奶前后（2-4 周龄仔猪常见），饲料突然更换、蛋白质含量过高（如豆粕比例过大）或缺乏维生素（如 VE、硒），导致肠道溶血性大肠杆菌（如 O139、O141 血清型）异常增殖并释放毒素。</li>\n<li><strong>应激反应</strong>：断奶、环境突变（温度骤变、高密度养殖）、运输等应激降低仔猪免疫力，破坏肠道黏膜屏障，为病原菌侵袭创造条件。</li>\n<li><strong>卫生条件差</strong>：圈舍潮湿脏乱、消毒不彻底，增加仔猪接触病原菌的风险，尤其在通风不良的环境中发病率更高。</li>\n</ul>', '<div class=\"auto-hide-last-sibling-br paragraph-qzbcQC paragraph-element br-paragraph-space\" style=\"text-align: center;\">发病急骤，典型症状分为&nbsp;<strong>全身表现</strong>&nbsp;与&nbsp;<strong>神经症状</strong>，病程短（多在 48 小时内死亡）：</div>\n<ol class=\"auto-hide-last-sibling-br\">\n<li style=\"text-align: center;\"><strong>全身症状</strong>：\n<ul class=\"auto-hide-last-sibling-br\">\n<li>初期精神沉郁，食欲废绝，体温正常或微升（39.5-40℃），心跳加快，呼吸急促。</li>\n<li>粪便异常：初期轻微腹泻，随后转为便秘，部分仔猪呕吐或口吐白沫。</li>\n</ul>\n</li>\n<li style=\"text-align: center;\"><strong>神经症状</strong>：\n<ul class=\"auto-hide-last-sibling-br\">\n<li style=\"text-align: center;\">运动失调：步态不稳，转圈、冲撞墙壁，后躯麻痹或四肢呈 &ldquo;游泳状&rdquo; 划动，触诊肌肉震颤、叫声嘶哑。</li>\n<li style=\"text-align: center;\">感觉过敏：对声音、触摸等刺激反应强烈，惊叫不止，最终因呼吸衰竭或心力衰竭死亡。</li>\n</ul>\n</li>\n</ol>', '<ul class=\"auto-hide-last-sibling-br\">\n<li style=\"text-align: center;\"><strong>体表水肿</strong>：\n<ul class=\"auto-hide-last-sibling-br\">\n<li><strong>头部水肿</strong>：眼睑、颜面、下颌及颈部皮下水肿，严重时头部肿大（俗称 &ldquo;大头病&rdquo;），指压皮肤出现凹陷性水肿。</li>\n<li><strong>肢体水肿</strong>：腹部、四肢内侧皮肤可见弥漫性水肿，触感松软有波动感。</li>\n</ul>\n</li>\n<li style=\"text-align: center;\"><strong>剖检特征</strong>：\n<ul class=\"auto-hide-last-sibling-br\">\n<li style=\"text-align: center;\"><strong>消化道水肿</strong>：胃壁（胃大弯、贲门部）黏膜下层呈胶冻样水肿，肠系膜淋巴结肿大、出血，肠壁水肿增厚。</li>\n<li style=\"text-align: center;\"><strong>体腔积液</strong>：心包腔、胸腹腔可见淡黄色透明或胶冻状积液，肺脏、肝脏表面偶见出血点。</li>\n</ul>\n</li>\n</ul>', '2025-02-25 23:45:49', '2025-02-25 23:45:49');
INSERT INTO `illness` VALUES (121217, 19, '水肿病2', '<div class=\"auto-hide-last-sibling-br paragraph-qzbcQC paragraph-element br-paragraph-space\">生猪水肿病（猪大肠杆菌性水肿病）的发生与多种应激及饲养管理因素密切相关，核心诱因包括：</div>\n<ul class=\"auto-hide-last-sibling-br\">\n<li><strong>肠道菌群失衡</strong>：断奶前后（2-4 周龄仔猪常见），饲料突然更换、蛋白质含量过高（如豆粕比例过大）或缺乏维生素（如 VE、硒），导致肠道溶血性大肠杆菌（如 O139、O141 血清型）异常增殖并释放毒素。</li>\n<li><strong>应激反应</strong>：断奶、环境突变（温度骤变、高密度养殖）、运输等应激降低仔猪免疫力，破坏肠道黏膜屏障，为病原菌侵袭创造条件。</li>\n<li><strong>卫生条件差</strong>：圈舍潮湿脏乱、消毒不彻底，增加仔猪接触病原菌的风险，尤其在通风不良的环境中发病率更高。</li>\n</ul>', '<div class=\"auto-hide-last-sibling-br paragraph-qzbcQC paragraph-element br-paragraph-space\" style=\"text-align: center;\">发病急骤，典型症状分为&nbsp;<strong>全身表现</strong>&nbsp;与&nbsp;<strong>神经症状</strong>，病程短（多在 48 小时内死亡）：</div>\n<ol class=\"auto-hide-last-sibling-br\">\n<li style=\"text-align: center;\"><strong>全身症状</strong>：\n<ul class=\"auto-hide-last-sibling-br\">\n<li>初期精神沉郁，食欲废绝，体温正常或微升（39.5-40℃），心跳加快，呼吸急促。</li>\n<li>粪便异常：初期轻微腹泻，随后转为便秘，部分仔猪呕吐或口吐白沫。</li>\n</ul>\n</li>\n<li style=\"text-align: center;\"><strong>神经症状</strong>：\n<ul class=\"auto-hide-last-sibling-br\">\n<li style=\"text-align: center;\">运动失调：步态不稳，转圈、冲撞墙壁，后躯麻痹或四肢呈 &ldquo;游泳状&rdquo; 划动，触诊肌肉震颤、叫声嘶哑。</li>\n<li style=\"text-align: center;\">感觉过敏：对声音、触摸等刺激反应强烈，惊叫不止，最终因呼吸衰竭或心力衰竭死亡。</li>\n</ul>\n</li>\n</ol>', '<ul class=\"auto-hide-last-sibling-br\">\n<li style=\"text-align: center;\"><strong>体表水肿</strong>：\n<ul class=\"auto-hide-last-sibling-br\">\n<li><strong>头部水肿</strong>：眼睑、颜面、下颌及颈部皮下水肿，严重时头部肿大（俗称 &ldquo;大头病&rdquo;），指压皮肤出现凹陷性水肿。</li>\n<li><strong>肢体水肿</strong>：腹部、四肢内侧皮肤可见弥漫性水肿，触感松软有波动感。</li>\n</ul>\n</li>\n<li style=\"text-align: center;\"><strong>剖检特征</strong>：\n<ul class=\"auto-hide-last-sibling-br\">\n<li style=\"text-align: center;\"><strong>消化道水肿</strong>：胃壁（胃大弯、贲门部）黏膜下层呈胶冻样水肿，肠系膜淋巴结肿大、出血，肠壁水肿增厚。</li>\n<li style=\"text-align: center;\"><strong>体腔积液</strong>：心包腔、胸腹腔可见淡黄色透明或胶冻状积液，肺脏、肝脏表面偶见出血点。</li>\n</ul>\n</li>\n</ul>', '2025-02-25 23:45:49', '2025-02-25 23:45:49');
INSERT INTO `illness` VALUES (121218, 19, '水肿病3', '<div class=\"auto-hide-last-sibling-br paragraph-qzbcQC paragraph-element br-paragraph-space\">生猪水肿病（猪大肠杆菌性水肿病）的发生与多种应激及饲养管理因素密切相关，核心诱因包括：</div>\n<ul class=\"auto-hide-last-sibling-br\">\n<li><strong>肠道菌群失衡</strong>：断奶前后（2-4 周龄仔猪常见），饲料突然更换、蛋白质含量过高（如豆粕比例过大）或缺乏维生素（如 VE、硒），导致肠道溶血性大肠杆菌（如 O139、O141 血清型）异常增殖并释放毒素。</li>\n<li><strong>应激反应</strong>：断奶、环境突变（温度骤变、高密度养殖）、运输等应激降低仔猪免疫力，破坏肠道黏膜屏障，为病原菌侵袭创造条件。</li>\n<li><strong>卫生条件差</strong>：圈舍潮湿脏乱、消毒不彻底，增加仔猪接触病原菌的风险，尤其在通风不良的环境中发病率更高。</li>\n</ul>', '<div class=\"auto-hide-last-sibling-br paragraph-qzbcQC paragraph-element br-paragraph-space\" style=\"text-align: center;\">发病急骤，典型症状分为&nbsp;<strong>全身表现</strong>&nbsp;与&nbsp;<strong>神经症状</strong>，病程短（多在 48 小时内死亡）：</div>\n<ol class=\"auto-hide-last-sibling-br\">\n<li style=\"text-align: center;\"><strong>全身症状</strong>：\n<ul class=\"auto-hide-last-sibling-br\">\n<li>初期精神沉郁，食欲废绝，体温正常或微升（39.5-40℃），心跳加快，呼吸急促。</li>\n<li>粪便异常：初期轻微腹泻，随后转为便秘，部分仔猪呕吐或口吐白沫。</li>\n</ul>\n</li>\n<li style=\"text-align: center;\"><strong>神经症状</strong>：\n<ul class=\"auto-hide-last-sibling-br\">\n<li style=\"text-align: center;\">运动失调：步态不稳，转圈、冲撞墙壁，后躯麻痹或四肢呈 &ldquo;游泳状&rdquo; 划动，触诊肌肉震颤、叫声嘶哑。</li>\n<li style=\"text-align: center;\">感觉过敏：对声音、触摸等刺激反应强烈，惊叫不止，最终因呼吸衰竭或心力衰竭死亡。</li>\n</ul>\n</li>\n</ol>', '<ul class=\"auto-hide-last-sibling-br\">\n<li style=\"text-align: center;\"><strong>体表水肿</strong>：\n<ul class=\"auto-hide-last-sibling-br\">\n<li><strong>头部水肿</strong>：眼睑、颜面、下颌及颈部皮下水肿，严重时头部肿大（俗称 &ldquo;大头病&rdquo;），指压皮肤出现凹陷性水肿。</li>\n<li><strong>肢体水肿</strong>：腹部、四肢内侧皮肤可见弥漫性水肿，触感松软有波动感。</li>\n</ul>\n</li>\n<li style=\"text-align: center;\"><strong>剖检特征</strong>：\n<ul class=\"auto-hide-last-sibling-br\">\n<li style=\"text-align: center;\"><strong>消化道水肿</strong>：胃壁（胃大弯、贲门部）黏膜下层呈胶冻样水肿，肠系膜淋巴结肿大、出血，肠壁水肿增厚。</li>\n<li style=\"text-align: center;\"><strong>体腔积液</strong>：心包腔、胸腹腔可见淡黄色透明或胶冻状积液，肺脏、肝脏表面偶见出血点。</li>\n</ul>\n</li>\n</ul>', '2025-02-25 23:45:49', '2025-02-25 23:45:49');
INSERT INTO `illness` VALUES (121219, 20, '白痢病1', '环境卫生差', '白色粪便、脱水', '肛门红肿', '2025-02-25 23:45:49', '2025-02-25 23:45:49');
INSERT INTO `illness` VALUES (121220, 20, '白痢病2', '饲料变质', '腹泻、食欲减退', '腹部疼痛', '2025-02-25 23:45:49', '2025-02-25 23:45:49');
INSERT INTO `illness` VALUES (121221, 20, '白痢病3', '细菌感染', '体温升高、粪便恶臭', '脱水严重', '2025-02-25 23:45:49', '2025-02-25 23:45:49');
INSERT INTO `illness` VALUES (121222, 49, '嗜血杆菌病1', '环境拥挤', '咳嗽、流鼻涕', '关节肿胀', '2025-02-25 23:45:49', '2025-02-25 23:45:49');
INSERT INTO `illness` VALUES (121223, 49, '嗜血杆菌病2', '通风不良', '呼吸困难、发热', '肺部病变', '2025-02-25 23:45:49', '2025-02-25 23:45:49');
INSERT INTO `illness` VALUES (121224, 49, '嗜血杆菌病3', '免疫力低下', '食欲减退、消瘦', '全身症状', '2025-02-25 23:45:49', '2025-02-25 23:45:49');
INSERT INTO `illness` VALUES (121226, 18, '测试测试', '<ul>\n<li class=\"header-jfw95c auto-hide-last-sibling-br\" style=\"text-align: center;\">感冒的病因分析</li>\n<li class=\"header-jfw95c auto-hide-last-sibling-br\" style=\"text-align: center;\">一、主要致病病毒</li>\n<li class=\"auto-hide-last-sibling-br paragraph-qzbcQC paragraph-element br-paragraph-space\" style=\"text-align: center;\">感冒通常由<strong>微小核糖核酸病毒</strong>引发，具体包括：</li>\n<li style=\"text-align: center;\">&nbsp;</li>\n</ul>\n<ul class=\"auto-hide-last-sibling-br\" style=\"text-align: center;\">\n<li><strong>鼻病毒</strong>（最常见）</li>\n<li><strong>埃可病毒</strong>（肠道病毒属）</li>\n<li><strong>柯萨奇病毒</strong>（肠道病毒属）</li>\n<li>少量由以下病毒引起：\n<ul class=\"auto-hide-last-sibling-br\">\n<li>冠状病毒</li>\n<li>流感病毒</li>\n<li>副流感病毒</li>\n<li>腺病毒</li>\n<li>呼吸道合胞病毒</li>\n<li>副粘病毒（Paramyxovirus）</li>\n</ul>\n</li>\n</ul>\n<ul style=\"text-align: center;\">\n<li style=\"text-align: center;\">&nbsp;</li>\n<li class=\"auto-hide-last-sibling-br\">\n<div class=\"auto-hide-last-sibling-br paragraph-qzbcQC paragraph-element br-paragraph-space\">提示：可引起感冒的病毒超过 100 种，多数情况下，感冒痊愈前难以精确判断具体致病病毒。</div>\n</li>\n<li class=\"header-jfw95c auto-hide-last-sibling-br\" style=\"text-align: center;\">二、诱发条件</li>\n<li class=\"auto-hide-last-sibling-br paragraph-qzbcQC paragraph-element br-paragraph-space\" style=\"text-align: center;\">感冒的发生与机体抵抗力下降密切相关，常见诱发因素包括：</li>\n<li style=\"text-align: center;\">&nbsp;</li>\n</ul>\n<ul class=\"auto-hide-last-sibling-br\">\n<li style=\"text-align: center;\"><strong>受凉、淋雨或过度疲劳</strong></li>\n<li style=\"text-align: center;\"><strong>长时间暴露于剧烈寒冷环境</strong>（非直接病因，但会导致免疫系统功能减弱，增加病毒易感性）</li>\n</ul>', '<h3 class=\"header-jfw95c auto-hide-last-sibling-br\" style=\"text-align: center;\">三、感冒的流行病学特征</h3>\n<h4 class=\"header-jfw95c auto-hide-last-sibling-br\" style=\"text-align: center;\">1. 发病规律</h4>\n<ul class=\"auto-hide-last-sibling-br\" style=\"text-align: center;\">\n<li><strong>季节分布</strong>：<br class=\"container-eLPxqH wrapper-wt12I4 undefined\">普通感冒多发于初冬，但春夏季亦可发生，不同季节致病病毒存在差异（以冠状病毒、鼻病毒为主要病原体）。</li>\n<li><strong>传播特点</strong>：\n<ul class=\"auto-hide-last-sibling-br\">\n<li>散发性病例，不引起流行，易合并细菌感染。</li>\n<li>病毒通过呼吸道分泌物传播，当机体抵抗力下降时（如受凉、疲劳、营养不良等）易诱发感染。</li>\n</ul>\n</li>\n</ul>\n<h3 class=\"header-jfw95c auto-hide-last-sibling-br\" style=\"text-align: center;\">四、感冒的临床症状与分型</h3>\n<h4 class=\"header-jfw95c auto-hide-last-sibling-br\" style=\"text-align: center;\">（一）典型症状（潜伏期 24~72 小时）</h4>\n<ol class=\"auto-hide-last-sibling-br\" style=\"text-align: center;\">\n<li><strong>全身表现</strong>：\n<ul class=\"auto-hide-last-sibling-br\">\n<li>突然起病，伴鼻 / 喉部灼热感、打喷嚏、流涕、全身不适，<strong>通常不发热</strong>（鼻病毒 / 冠状病毒感染特征）。</li>\n<li>早期多有咽炎，喉炎、气管炎表现因人而异。</li>\n</ul>\n</li>\n<li><strong>局部表现</strong>：\n<ul class=\"auto-hide-last-sibling-br\">\n<li>鼻腔分泌物：初期为水样，后转为粘液样 / 脓性（<strong>非细菌感染特异性表现</strong>）。</li>\n<li>咳嗽：多不剧烈，但可持续 2 周；慢性呼吸道疾病患者易出现支气管炎加剧。</li>\n</ul>\n</li>\n<li><strong>病程</strong>：无并发症时，4~10 天内症状消失。</li>\n</ol>\n<h4 class=\"header-jfw95c auto-hide-last-sibling-br\" style=\"text-align: center;\">（二）分型特征</h4>\n<h5 class=\"header-jfw95c auto-hide-last-sibling-br\" style=\"text-align: center;\">▶ 上呼吸道感冒</h5>\n<ul class=\"auto-hide-last-sibling-br\" style=\"text-align: center;\">\n<li><strong>炎症范围</strong>：鼻、鼻窦、喉、咽，常累及气管、支气管。</li>\n<li><strong>症状特点</strong>：\n<ul class=\"auto-hide-last-sibling-br\">\n<li>全身症状轻：轻度畏寒、头痛，<strong>不发热或低热</strong>。</li>\n<li>局部症状：鼻塞、流涕（初期水样&rarr;后期粘液 / 脓性）、咽痛、咽干、轻咳（白痰），病程 3~5 日。</li>\n</ul>\n</li>\n<li><strong>实验室检查</strong>：白细胞数量正常或增多。</li>\n</ul>\n<h5 class=\"header-jfw95c auto-hide-last-sibling-br\" style=\"text-align: center;\">▶ 胃肠型感冒</h5>\n<ul class=\"auto-hide-last-sibling-br\" style=\"text-align: center;\">\n<li><strong>核心特征</strong>：\n<ul class=\"auto-hide-last-sibling-br\">\n<li><strong>上呼吸道症状轻微或缺失</strong>，以消化道症状为主，易误诊为肠胃炎。</li>\n</ul>\n</li>\n<li><strong>典型表现</strong>：\n<ul class=\"auto-hide-last-sibling-br\">\n<li>胃肠症状：上腹不适、反酸、恶心、呕吐、腹痛、水样腹泻（无脓血）。</li>\n<li>全身表现：畏寒、发热、头痛。</li>\n</ul>\n</li>\n<li><strong>实验室检查</strong>：中性粒细胞增多，部分伴上呼吸道感染。</li>\n</ul>\n<h3 class=\"header-jfw95c auto-hide-last-sibling-br\" style=\"text-align: center;\">五、感冒与相似疾病的鉴别诊断</h3>\n<div class=\"auto-hide-last-sibling-br table-container-zGnRBL\" style=\"text-align: center;\">\n<table>\n<thead>\n<tr>\n<th><strong>疾病</strong></th>\n<th><strong>关键鉴别点</strong></th>\n</tr>\n</thead>\n<tbody>\n<tr>\n<td><strong>百日咳</strong></td>\n<td>- 潜伏期 7~10 天后出现<strong>阵发性痉咳</strong>，连续数十声后伴鹭鸶鸣样吸气吼声，病程可达 3 个月。</td>\n</tr>\n<tr>\n<td><strong>猩红热</strong></td>\n<td>- 咽部红肿疼痛剧烈，1 日内出现典型皮疹，舌呈 &ldquo;杨梅舌&rdquo;，与感冒症状差异显著。</td>\n</tr>\n<tr>\n<td><strong>小儿脊髓灰质炎</strong></td>\n<td>-&nbsp;<strong>双相热型</strong>（体温正常 1~6 天后再次发热），随后出现肌肉疼痛、肢体瘫痪等神经症状。</td>\n</tr>\n</tbody>\n</table>\n</div>\n<h3 class=\"header-jfw95c auto-hide-last-sibling-br\" style=\"text-align: center;\">六、感冒常见并发症（需密切观察）</h3>\n<div class=\"auto-hide-last-sibling-br paragraph-qzbcQC paragraph-element br-paragraph-space\" style=\"text-align: center;\">⚠️ 出现以下症状需及时就医：</div>\n<h2 style=\"text-align: center;\">&nbsp;</h2>\n<ul class=\"auto-hide-last-sibling-br\">\n<li style=\"text-align: center;\"><strong>中耳炎</strong>：持续高烧（&gt;3 天）、耳朵疼痛、婴幼儿烦躁 / 抓耳。</li>\n<li style=\"text-align: center;\"><strong>鼻窦炎</strong>：流涕超 10 天未缓解，伴黄绿色脓涕、严重鼻塞、头痛。</li>\n<li style=\"text-align: center;\"><strong>肺炎</strong>：高烧不退、咳嗽加剧、呼吸急促、食欲锐减。</li>\n<li style=\"text-align: center;\"><strong>脑膜炎</strong>：颈部僵硬、剧烈头痛、呕吐、畏光、意识模糊。</li>\n</ul>', '<h3 class=\"header-jfw95c auto-hide-last-sibling-br\" style=\"text-align: center;\">五、感冒的治疗与预防</h3>\n<h4 class=\"header-jfw95c auto-hide-last-sibling-br\" style=\"text-align: center;\">（一）治疗原则</h4>\n<div class=\"auto-hide-last-sibling-br paragraph-qzbcQC paragraph-element br-paragraph-space\" style=\"text-align: center;\">目前尚无特效抗病毒药物，以<strong>支持疗法</strong>为主，依靠免疫系统清除病毒，辅以对症治疗缓解症状：</div>\n<h2 style=\"text-align: center;\">&nbsp;</h2>\n<ul class=\"auto-hide-last-sibling-br\" style=\"text-align: center;\">\n<li><strong>基础护理</strong>：充分休息、大量饮水、清淡饮食（关键！可加速康复）。</li>\n<li><strong>对症治疗</strong>：使用药物减轻鼻塞、发热、头痛等症状，避免过度用药。</li>\n</ul>\n<h3 class=\"header-jfw95c auto-hide-last-sibling-br\" style=\"text-align: center;\">（二）药物治疗分类</h3>\n<h4 class=\"header-jfw95c auto-hide-last-sibling-br\" style=\"text-align: center;\">▶ 1. 解热镇痛抗炎剂（非类固醇类）</h4>\n<div class=\"auto-hide-last-sibling-br paragraph-qzbcQC paragraph-element br-paragraph-space\" style=\"text-align: center;\">主要缓解发热、头痛、肌肉酸痛，兼具消炎作用：</div>\n<h2 style=\"text-align: center;\">&nbsp;</h2>\n<ul class=\"auto-hide-last-sibling-br\" style=\"text-align: center;\">\n<li><strong>阿司匹林</strong></li>\n<li><strong>扑热息痛（对乙酰氨基酚）</strong></li>\n<li><strong>布洛芬（Ibuprofen）</strong></li>\n</ul>\n<h4 class=\"header-jfw95c auto-hide-last-sibling-br\" style=\"text-align: center;\">▶ 2. 抗生素</h4>\n<div class=\"auto-hide-last-sibling-br paragraph-qzbcQC paragraph-element br-paragraph-space\" style=\"text-align: center;\">⚠️&nbsp;<strong>使用原则</strong>：</div>\n<h2 style=\"text-align: center;\">&nbsp;</h2>\n<ul class=\"auto-hide-last-sibling-br\" style=\"text-align: center;\">\n<li>仅用于<strong>继发细菌感染</strong>（如脓痰、持续高热、白细胞升高）。</li>\n<li>病毒感染时滥用易导致耐药性，无细菌感染证据时禁用。</li>\n</ul>\n<h4 class=\"header-jfw95c auto-hide-last-sibling-br\" style=\"text-align: center;\">▶ 3. 抗敏与通鼻药物</h4>\n<ul class=\"auto-hide-last-sibling-br\" style=\"text-align: center;\">\n<li><strong>抗组胺药</strong>：\n<ul class=\"auto-hide-last-sibling-br\">\n<li>第一代：扑尔敏（可能引起嗜睡）</li>\n<li>第二代：氯雷他定（无嗜睡副作用）</li>\n<li>第三代：地氯雷他定（高效低副作用）</li>\n</ul>\n</li>\n<li><strong>减充血剂</strong>：缓解鼻塞（如伪麻黄碱），需按疗程使用避免反跳性充血。</li>\n</ul>\n<h4 class=\"header-jfw95c auto-hide-last-sibling-br\" style=\"text-align: center;\">▶ 4. 抗病毒药物</h4>\n<ul class=\"auto-hide-last-sibling-br\" style=\"text-align: center;\">\n<li><strong>适用人群</strong>：\n<ul class=\"auto-hide-last-sibling-br\">\n<li>免疫缺陷患者（如 HIV 感染者、肿瘤患者）可早期使用。</li>\n<li>普通人群无发热、免疫正常且发病超 2 天者，一般无需使用（滥用易致耐药）。</li>\n</ul>\n</li>\n<li><strong>常用药物</strong>：利巴韦林、奥司他韦（广谱抗病毒，对感冒疗效有限，需遵医嘱）。</li>\n</ul>\n<h4 class=\"header-jfw95c auto-hide-last-sibling-br\" style=\"text-align: center;\">▶ 5. 补充剂</h4>\n<ul class=\"auto-hide-last-sibling-br\" style=\"text-align: center;\">\n<li><strong>维生素 C</strong>：可增强免疫力，常规剂量（100-200mg / 日）有助于缩短病程，过量无明确效果。</li>\n</ul>\n<h3 class=\"header-jfw95c auto-hide-last-sibling-br\" style=\"text-align: center;\">（三）预防措施</h3>\n<h4 class=\"header-jfw95c auto-hide-last-sibling-br\" style=\"text-align: center;\">▶ 核心策略</h4>\n<ol class=\"auto-hide-last-sibling-br\" style=\"text-align: center;\">\n<li><strong>增强体质</strong>：规律锻炼、均衡饮食、充足睡眠，提升免疫力。</li>\n<li><strong>避免诱因</strong>：防止受凉、过度劳累，减少免疫力下降风险。</li>\n<li><strong>阻断传播</strong>：\n<ul class=\"auto-hide-last-sibling-br\">\n<li>勤洗手（尤其接触公共物品后），避免用手触摸眼口鼻。</li>\n<li>污染环境定期消毒，患者分泌物需密封处理。</li>\n</ul>\n</li>\n</ol>\n<h3 class=\"header-jfw95c auto-hide-last-sibling-br\" style=\"text-align: center;\">（四）中医对感冒的认识与治疗</h3>\n<h4 class=\"header-jfw95c auto-hide-last-sibling-br\" style=\"text-align: center;\">▶ 中医病名与病因</h4>\n<div class=\"auto-hide-last-sibling-br paragraph-qzbcQC paragraph-element br-paragraph-space\" style=\"text-align: center;\">感冒属外感病，因风寒暑湿燥火六淫邪气侵袭所致，分轻重、寒热：</div>\n<h2 style=\"text-align: center;\">&nbsp;</h2>\n<ul class=\"auto-hide-last-sibling-br\" style=\"text-align: center;\">\n<li><strong>经典论述</strong>（《丹溪心法》《医理真传》）：<br class=\"container-eLPxqH wrapper-wt12I4 undefined\">&ldquo;感冒为病，亦有风寒二证，即是伤寒外证初起之轻者&rdquo;&mdash;&mdash;《证治要诀》<br class=\"container-eLPxqH wrapper-wt12I4 undefined\">强调外感病邪由外而入，需辨明风寒、风热、时行（流行）等证型。</li>\n</ul>\n<h4 class=\"header-jfw95c auto-hide-last-sibling-br\" style=\"text-align: center;\">▶ 辨证施治</h4>\n<div class=\"auto-hide-last-sibling-br table-container-zGnRBL\" style=\"text-align: center;\">&nbsp;&nbsp;\n<table style=\"width: 98.2554%; height: 187.4px;\">\n<thead>\n<tr style=\"height: 35px;\">\n<th style=\"width: 19.0438%;\"><strong>证型</strong></th>\n<th style=\"width: 21.1598%;\"><strong>治法</strong></th>\n<th style=\"width: 26.4498%;\"><strong>代表方剂</strong></th>\n<th style=\"width: 33.3267%;\"><strong>症状特征</strong></th>\n</tr>\n</thead>\n<tbody>\n<tr style=\"height: 33.2px;\">\n<td style=\"width: 19.0438%;\">风寒感冒</td>\n<td style=\"width: 21.1598%;\">辛温解表</td>\n<td style=\"width: 26.4498%;\">葱豉汤、荆防败毒散</td>\n<td style=\"width: 33.3267%;\">恶寒重、无汗、流清涕、苔薄白</td>\n</tr>\n<tr style=\"height: 33.2px;\">\n<td style=\"width: 19.0438%;\">风热感冒</td>\n<td style=\"width: 21.1598%;\">辛凉解表</td>\n<td style=\"width: 26.4498%;\">银翘散、桑菊饮</td>\n<td style=\"width: 33.3267%;\">发热重、咽痛、黄涕、舌尖红</td>\n</tr>\n<tr style=\"height: 33.2px;\">\n<td style=\"width: 19.0438%;\">虚人感冒</td>\n<td style=\"width: 21.1598%;\">扶正解表</td>\n<td style=\"width: 26.4498%;\">参苏饮</td>\n<td style=\"width: 33.3267%;\">恶寒发热 + 气短、乏力等虚象</td>\n</tr>\n<tr style=\"height: 52.8px;\">\n<td style=\"width: 19.0438%;\">时行感冒（流感）</td>\n<td style=\"width: 21.1598%;\">清热解毒 / 表里双解</td>\n<td style=\"width: 26.4498%;\">清瘟败毒散、柴葛解肌汤</td>\n<td style=\"width: 33.3267%; text-align: center;\">病情较重，伴高热、全身酸痛</td>\n</tr>\n</tbody>\n</table>\n</div>\n<h4 class=\"header-jfw95c auto-hide-last-sibling-br\" style=\"text-align: center;\">▶ 经典文献引用</h4>\n<ul class=\"auto-hide-last-sibling-br\">\n<li style=\"text-align: center;\">《七松岩集》警示：&ldquo;感冒轻浅，忽略不治，兼饮食不节，以致轻病变重&rdquo;，强调早期干预的重要性。</li>\n<li style=\"text-align: center;\">《医宗必读》记载消风散、川芎茶调散等方，用于治疗头痛、鼻塞声重等症，体现 &ldquo;辨证选方&rdquo; 原则。</li>\n</ul>', '2025-04-19 12:26:22', '2025-04-19 12:26:22');

-- ----------------------------
-- Table structure for illness_kind
-- ----------------------------
DROP TABLE IF EXISTS `illness_kind`;
CREATE TABLE `illness_kind`  (
  `id` int NOT NULL AUTO_INCREMENT COMMENT '主键ID',
  `name` varchar(255) CHARACTER SET utf8mb4 COLLATE utf8mb4_0900_ai_ci NULL DEFAULT NULL COMMENT '分类名称',
  `info` varchar(255) CHARACTER SET utf8mb4 COLLATE utf8mb4_0900_ai_ci NULL DEFAULT NULL COMMENT '描述',
  `create_time` datetime NULL DEFAULT CURRENT_TIMESTAMP COMMENT '创建时间',
  `update_time` datetime NULL DEFAULT CURRENT_TIMESTAMP ON UPDATE CURRENT_TIMESTAMP COMMENT '更新时间',
  PRIMARY KEY (`id`) USING BTREE
) ENGINE = InnoDB AUTO_INCREMENT = 52 CHARACTER SET = utf8mb4 COLLATE = utf8mb4_0900_ai_ci COMMENT = '疾病种类' ROW_FORMAT = DYNAMIC;

-- ----------------------------
-- Records of illness_kind
-- ----------------------------
INSERT INTO `illness_kind` VALUES (18, '猪肺炎', '一种影响猪呼吸系统的疾病', '2025-02-25 23:42:16', '2025-02-25 23:42:16');
INSERT INTO `illness_kind` VALUES (19, '水肿病', '一种导致猪体水肿的疾病', '2025-02-25 23:42:16', '2025-02-25 23:42:16');
INSERT INTO `illness_kind` VALUES (20, '白痢病', '仔猪常见的一种肠道疾病', '2025-02-25 23:42:16', '2025-02-25 23:42:16');
INSERT INTO `illness_kind` VALUES (21, '黄痢病', '仔猪常见的一种急性肠道疾病', '2025-02-25 23:42:16', '2025-02-25 23:42:16');
INSERT INTO `illness_kind` VALUES (22, '沙门氏菌病', '由沙门氏菌引起的一种传染病', '2025-02-25 23:42:16', '2025-02-25 23:42:16');
INSERT INTO `illness_kind` VALUES (23, '淋巴肿胀', '淋巴系统异常肿胀的疾病', '2025-02-25 23:42:16', '2025-02-25 23:42:16');
INSERT INTO `illness_kind` VALUES (24, '脑膜炎', '影响猪脑膜的炎症', '2025-02-25 23:42:16', '2025-02-25 23:42:16');
INSERT INTO `illness_kind` VALUES (25, '败血症', '血液感染导致的全身性疾病', '2025-02-25 23:42:16', '2025-02-25 23:42:16');
INSERT INTO `illness_kind` VALUES (26, '鼻炎', '猪鼻黏膜的炎症', '2025-02-25 23:42:16', '2025-02-25 23:42:16');
INSERT INTO `illness_kind` VALUES (27, '猪瘟', '一种高度传染的病毒性疾病', '2025-02-25 23:42:16', '2025-02-25 23:42:16');
INSERT INTO `illness_kind` VALUES (28, '丹毒', '由丹毒杆菌引起的皮肤病', '2025-02-25 23:42:16', '2025-02-25 23:42:16');
INSERT INTO `illness_kind` VALUES (29, '猪狂犬病', '由狂犬病病毒引起的神经系统疾病', '2025-02-25 23:42:16', '2025-02-25 23:42:16');
INSERT INTO `illness_kind` VALUES (30, '猪流感', '由猪流感病毒引起的呼吸道疾病', '2025-02-25 23:42:16', '2025-02-25 23:42:16');
INSERT INTO `illness_kind` VALUES (31, '猪痘', '由猪痘病毒引起的皮肤病', '2025-02-25 23:42:16', '2025-02-25 23:42:16');
INSERT INTO `illness_kind` VALUES (32, '传染性胸膜炎', '影响猪胸腔的传染性疾病', '2025-02-25 23:42:16', '2025-02-25 23:42:16');
INSERT INTO `illness_kind` VALUES (33, '蓝耳病', '由猪繁殖与呼吸综合征病毒引起', '2025-02-25 23:42:16', '2025-02-25 23:42:16');
INSERT INTO `illness_kind` VALUES (34, '水泡病', '导致猪体出现水泡的病毒性疾病', '2025-02-25 23:42:16', '2025-02-25 23:42:16');
INSERT INTO `illness_kind` VALUES (35, '细小病毒', '引起母猪繁殖障碍的病毒', '2025-02-25 23:42:16', '2025-02-25 23:42:16');
INSERT INTO `illness_kind` VALUES (36, '脑炎肠', '影响猪脑和肠道的疾病', '2025-02-25 23:42:16', '2025-02-25 23:42:16');
INSERT INTO `illness_kind` VALUES (37, '胃炎', '猪胃黏膜的炎症', '2025-02-25 23:42:16', '2025-02-25 23:42:16');
INSERT INTO `illness_kind` VALUES (38, '仔猪副伤寒', '仔猪常见的肠道传染病', '2025-02-25 23:42:16', '2025-02-25 23:42:16');
INSERT INTO `illness_kind` VALUES (39, '巴氏杆菌', '由巴氏杆菌引起的传染病', '2025-02-25 23:42:16', '2025-02-25 23:42:16');
INSERT INTO `illness_kind` VALUES (40, '气喘病', '猪呼吸系统的慢性疾病', '2025-02-25 23:42:16', '2025-02-25 23:42:16');
INSERT INTO `illness_kind` VALUES (41, '真菌病', '由真菌引起的皮肤病', '2025-02-25 23:42:16', '2025-02-25 23:42:16');
INSERT INTO `illness_kind` VALUES (42, '子宫内膜炎', '母猪子宫黏膜的炎症', '2025-02-25 23:42:16', '2025-02-25 23:42:16');
INSERT INTO `illness_kind` VALUES (43, '弓形虫病', '由弓形虫引起的寄生虫病', '2025-02-25 23:42:16', '2025-02-25 23:42:16');
INSERT INTO `illness_kind` VALUES (44, '腹泻', '猪常见的肠道疾病', '2025-02-25 23:42:16', '2025-02-25 23:42:16');
INSERT INTO `illness_kind` VALUES (45, '猪痢疾', '由猪痢疾密螺旋体引起的肠道疾病', '2025-02-25 23:42:16', '2025-02-25 23:42:16');
INSERT INTO `illness_kind` VALUES (46, '链球菌病', '由链球菌引起的传染病', '2025-02-25 23:42:16', '2025-02-25 23:42:16');
INSERT INTO `illness_kind` VALUES (47, '猪大肠杆菌', '由大肠杆菌引起的肠道疾病', '2025-02-25 23:42:16', '2025-02-25 23:42:16');
INSERT INTO `illness_kind` VALUES (48, '猪魏氏梭菌病', '由魏氏梭菌引起的肠道疾病', '2025-02-25 23:42:16', '2025-02-25 23:42:16');
INSERT INTO `illness_kind` VALUES (49, '嗜血杆菌病', '由嗜血杆菌引起的传染病', '2025-02-25 23:42:16', '2025-02-25 23:42:16');

-- ----------------------------
-- Table structure for illness_medicine
-- ----------------------------
DROP TABLE IF EXISTS `illness_medicine`;
CREATE TABLE `illness_medicine`  (
  `id` int NOT NULL AUTO_INCREMENT COMMENT '病和药品关联id',
  `illness_id` int NULL DEFAULT NULL COMMENT '病id',
  `medicine_id` int NULL DEFAULT NULL COMMENT '药品id',
  `create_time` datetime NULL DEFAULT CURRENT_TIMESTAMP COMMENT '创建时间',
  `update_time` datetime NULL DEFAULT CURRENT_TIMESTAMP ON UPDATE CURRENT_TIMESTAMP COMMENT '更新时间',
  PRIMARY KEY (`id`) USING BTREE
) ENGINE = InnoDB AUTO_INCREMENT = 23 CHARACTER SET = utf8mb4 COLLATE = utf8mb4_0900_ai_ci COMMENT = '疾病-药物' ROW_FORMAT = DYNAMIC;

-- ----------------------------
-- Records of illness_medicine
-- ----------------------------
INSERT INTO `illness_medicine` VALUES (6, 121213, 8, '2022-05-03 16:10:35', '2022-05-03 16:10:35');
INSERT INTO `illness_medicine` VALUES (7, 121214, 8, '2022-05-03 16:10:37', '2022-05-03 16:10:37');
INSERT INTO `illness_medicine` VALUES (8, 121215, 9, '2022-05-03 16:10:38', '2022-05-03 16:10:38');
INSERT INTO `illness_medicine` VALUES (9, 121216, 10, '2022-05-03 16:10:42', '2022-05-03 16:10:42');
INSERT INTO `illness_medicine` VALUES (10, 121216, 11, '2022-05-03 16:10:44', '2022-05-03 16:10:44');
INSERT INTO `illness_medicine` VALUES (11, 121217, 12, '2022-05-03 16:10:59', '2022-05-03 16:10:59');
INSERT INTO `illness_medicine` VALUES (12, 121218, 13, '2022-05-03 16:11:01', '2022-05-03 16:11:01');
INSERT INTO `illness_medicine` VALUES (13, 121219, 14, '2022-05-03 16:11:16', '2022-05-03 16:11:16');
INSERT INTO `illness_medicine` VALUES (14, 121220, 15, '2022-05-03 16:11:29', '2022-05-03 16:11:29');
INSERT INTO `illness_medicine` VALUES (15, 121221, 16, '2022-05-03 16:11:39', '2022-05-03 16:11:39');
INSERT INTO `illness_medicine` VALUES (16, 121222, 17, '2022-05-03 16:11:50', '2022-05-03 16:11:50');
INSERT INTO `illness_medicine` VALUES (17, 121219, 17, '2022-05-03 16:12:01', '2022-05-03 16:12:01');
INSERT INTO `illness_medicine` VALUES (18, 121216, 12, '2022-05-03 16:12:03', '2022-05-03 16:12:03');
INSERT INTO `illness_medicine` VALUES (19, 121216, 14, '2022-05-03 16:12:04', '2022-05-03 16:12:04');
INSERT INTO `illness_medicine` VALUES (20, 121213, 8, '2022-05-03 16:12:05', '2022-05-03 16:12:05');
INSERT INTO `illness_medicine` VALUES (22, 121226, 44, '2025-04-19 14:59:42', '2025-04-19 14:59:42');

-- ----------------------------
-- Table structure for knowledge_file
-- ----------------------------
DROP TABLE IF EXISTS `knowledge_file`;
CREATE TABLE `knowledge_file`  (
  `id` bigint UNSIGNED NOT NULL AUTO_INCREMENT COMMENT 'ID',
  `file_name` varchar(255) CHARACTER SET utf8mb4 COLLATE utf8mb4_unicode_ci NOT NULL COMMENT '原始文件名（含后缀）',
  `file_path` varchar(500) CHARACTER SET utf8mb4 COLLATE utf8mb4_unicode_ci NOT NULL COMMENT '相对路径：相对于 resources/knowledge/',
  `file_size` bigint NOT NULL COMMENT '单位：字节',
  `file_md5` char(32) CHARACTER SET utf8mb4 COLLATE utf8mb4_unicode_ci NOT NULL COMMENT '文件内容 MD5',
  `file_type` varchar(100) CHARACTER SET utf8mb4 COLLATE utf8mb4_unicode_ci NOT NULL COMMENT 'MIME-Type，如 application/pdf',
  `create_by` int NULL DEFAULT NULL COMMENT '上传人',
  `create_time` datetime NULL DEFAULT CURRENT_TIMESTAMP COMMENT '创建时间',
  `update_time` datetime NULL DEFAULT CURRENT_TIMESTAMP ON UPDATE CURRENT_TIMESTAMP COMMENT '修改时间',
  `remark` varchar(1000) CHARACTER SET utf8mb4 COLLATE utf8mb4_unicode_ci NULL DEFAULT NULL COMMENT '备注',
  PRIMARY KEY (`id`) USING BTREE,
  INDEX `idx_md5`(`file_md5` ASC) USING BTREE
) ENGINE = InnoDB AUTO_INCREMENT = 4 CHARACTER SET = utf8mb4 COLLATE = utf8mb4_unicode_ci COMMENT = 'RAG 知识库文件表' ROW_FORMAT = Dynamic;

-- ----------------------------
-- Records of knowledge_file
-- ----------------------------

-- ----------------------------
-- Table structure for medicine
-- ----------------------------
DROP TABLE IF EXISTS `medicine`;
CREATE TABLE `medicine`  (
  `id` int NOT NULL AUTO_INCREMENT COMMENT '药品主键ID',
  `medicine_name` varchar(100) CHARACTER SET utf8mb4 COLLATE utf8mb4_0900_ai_ci NULL DEFAULT NULL COMMENT '药的名字',
  `keyword` varchar(255) CHARACTER SET utf8mb4 COLLATE utf8mb4_0900_ai_ci NULL DEFAULT NULL COMMENT '关键字搜索',
  `medicine_effect` mediumtext CHARACTER SET utf8mb4 COLLATE utf8mb4_0900_ai_ci NULL COMMENT '药的功效',
  `medicine_brand` varchar(255) CHARACTER SET utf8mb4 COLLATE utf8mb4_0900_ai_ci NULL DEFAULT NULL COMMENT '药的品牌',
  `interaction` mediumtext CHARACTER SET utf8mb4 COLLATE utf8mb4_0900_ai_ci NULL COMMENT '药的相互作用',
  `taboo` mediumtext CHARACTER SET utf8mb4 COLLATE utf8mb4_0900_ai_ci NULL COMMENT '禁忌',
  `us_age` mediumtext CHARACTER SET utf8mb4 COLLATE utf8mb4_0900_ai_ci NULL COMMENT '用法用量',
  `medicine_type` int NULL DEFAULT NULL COMMENT '药的类型，0西药，1中药，2中成药',
  `img_path` varchar(255) CHARACTER SET utf8mb4 COLLATE utf8mb4_0900_ai_ci NULL DEFAULT NULL COMMENT '相关图片路径',
  `medicine_price` decimal(10, 2) NULL DEFAULT NULL COMMENT '药的价格',
  `create_time` datetime NULL DEFAULT CURRENT_TIMESTAMP COMMENT '创建时间',
  `update_time` datetime NULL DEFAULT CURRENT_TIMESTAMP ON UPDATE CURRENT_TIMESTAMP COMMENT '更新时间',
  PRIMARY KEY (`id`) USING BTREE
) ENGINE = InnoDB AUTO_INCREMENT = 50 CHARACTER SET = utf8mb4 COLLATE = utf8mb4_0900_ai_ci COMMENT = '药品' ROW_FORMAT = DYNAMIC;

-- ----------------------------
-- Records of medicine
-- ----------------------------
INSERT INTO `medicine` VALUES (8, '阿莫西林', '抗菌,消炎', '用于严重的猪肺炎、子宫炎，乳房炎及泌尿道感染', '辉瑞（Pfizer）', '与四环素等酸性药物及磺胺类药有配伍禁忌', '怀孕母猪慎用', '2~7毫克/千克体重，肌肉注射', 0, 'https://image.jianke.com/upload/prodimage/201606wm/2016620143552411.jpg', 10.50, '2025-02-25 23:48:51', '2025-02-25 23:48:51');
INSERT INTO `medicine` VALUES (9, '卡那霉素', '抗菌,呼吸道感染', '对呼吸道感染，特别对咳嗽、喘气较好', '鲁抗医药', '毒性较大', '怀孕母猪慎用', '5~15毫克/千克体重', 0, 'https://tse3-mm.cn.bing.net/th/id/OIP-C.8TS2meTgD1kvfHvHcLSZagHaHa?rs=1&pid=ImgDetMain', 8.75, '2025-02-25 23:48:51', '2025-02-25 23:48:51');
INSERT INTO `medicine` VALUES (10, '阿维菌素', '驱虫,抗菌', '新型驱虫药，对线虫、绦虫、吸虫及皮肤寄生虫疥癣均有较好效果', '拜耳（Bayer）', '毒性较大，易造成母猪流产', '怀孕母猪禁用', '2~7毫克/千克体重，肌肉注射', 0, 'https://cbu01.alicdn.com/img/ibank/O1CN01CdXnBX2EjILtJhiBw_!!2216490078780-0-cib.jpg?__r__=1699264009547', 12.00, '2025-02-25 23:48:51', '2025-02-25 23:48:51');
INSERT INTO `medicine` VALUES (11, '喹乙醇', '抗菌,促生长', '属于喹噁啉类，有抗菌、促生长作用', '新华制药', '抗菌药物', '无特殊禁忌', '50毫克/千克体重拌料', 0, 'https://image.jianke.com/upload/prodimage/201605wm/2016519151858698.jpg', 9.00, '2025-02-25 23:48:51', '2025-02-25 23:48:51');
INSERT INTO `medicine` VALUES (12, '安乃近', '解热镇痛', '起解热镇痛作用，临床上常用安乃近配合青霉素治疗一般性不吃料的猪病', '新华制药', '对怀孕母猪使用的剂量不能过大，否则会导致流产', '怀孕母猪慎用', '2~7毫克/千克体重，肌肉注射', 0, 'https://static.xgys.cn/uploads/20250120/17373702047495.jpg', 7.50, '2025-02-25 23:48:51', '2025-02-25 23:48:51');
INSERT INTO `medicine` VALUES (13, '链霉素', '抗菌,抗革兰氏阴性菌', '抗革兰氏阴性菌，在临床上常与青霉素配合使用', '新华制药', '与青霉素配合使用', '无特殊禁忌', '10毫克/千克体重', 0, 'https://tse1-mm.cn.bing.net/th/id/OIP-C.BHFz68KUlXgL5rYLcJ-Y3QHaE1?rs=1&pid=ImgDetMain', 6.00, '2025-02-25 23:48:51', '2025-02-25 23:48:51');
INSERT INTO `medicine` VALUES (14, '氨苄西林', '抗菌,消炎', '作为二线药，用于严重的肺炎，子宫炎，乳房炎及泌尿道感染', '哈药集团', '抗菌药物', '无特殊禁忌', '2~7毫克/千克体重，肌肉注射', 0, 'https://image.jianke.com/upload/prodimage/201605wm/2016519151858698.jpg', 9.25, '2025-02-25 23:48:51', '2025-02-25 23:48:51');
INSERT INTO `medicine` VALUES (15, '氯前列腺素', '催情,催产', '有催情、催产、同期分娩等功效', '新华制药', '催情药物', '怀孕母猪禁用', '20毫克/千克体重', 0, 'https://tse2-mm.cn.bing.net/th/id/OIP-C.vEGky48FtCxlIKdjl5f4kAHaEN?rs=1&pid=ImgDetMain', 11.00, '2025-02-25 23:48:51', '2025-02-25 23:48:51');
INSERT INTO `medicine` VALUES (16, '大黄', '泻药', '泻药，用于治疗便秘', '新华制药', '泻药', '无特殊禁忌', '2~10毫克/千克体重，肌肉注射', 0, 'https://cbu01.alicdn.com/img/ibank/2018/809/179/9310971908_170300488.jpg', 5.00, '2025-02-25 23:48:51', '2025-02-25 23:48:51');
INSERT INTO `medicine` VALUES (17, '肾上腺素', '抗过敏,抗休克', '抗过敏、休克用，对疫苗过敏要立即肌肉注射进行解救', '默克（Merck）', '抗过敏药物', '无特殊禁忌', '按1:5比例与磺胺类合用', 0, 'https://image.jianke.com/upload/prodimage/201605wm/2016519151858698.jpg', 8.50, '2025-02-25 23:48:51', '2025-02-25 23:48:51');
INSERT INTO `medicine` VALUES (18, '地塞米松', '抗炎,抗毒', '抗炎，抗毒，配合青霉素和安痛定使用，但会导致母猪流产和泌乳减少', '同仁堂', '抗炎药物', '怀孕母猪慎用', '2~10毫克/千克体重，肌肉注射', 0, 'https://image.jianke.com/upload/prodimage/201605wm/2016519151858698.jpg', 10.00, '2025-02-25 23:48:51', '2025-02-25 23:48:51');
INSERT INTO `medicine` VALUES (19, '丁胺卡那', '抗菌,呼吸道感染', '对呼吸道感染，特别对咳嗽、喘气较好，也有一定的毒性', '同仁堂', '抗菌药物', '怀孕母猪慎用', '2~10毫克/千克体重', 0, 'https://image.jianke.com/upload/prodimage/201605wm/2016519151858698.jpg', 7.75, '2025-02-25 23:48:51', '2025-02-25 23:48:51');
INSERT INTO `medicine` VALUES (20, '青霉素钠', '抗菌,消炎', '抗菌药物，用于治疗细菌感染', '华北制药', '抗菌药物', '无特殊禁忌', '5万～10万单位/千克体重，肌注', 0, 'https://image.jianke.com/upload/prodimage/201605wm/2016519151858698.jpg', 6.50, '2025-02-25 23:48:51', '2025-02-25 23:48:51');
INSERT INTO `medicine` VALUES (21, '氨苄西林', '抗菌,消炎', '抗菌药物，用于治疗细菌感染', '同仁堂', '抗菌药物', '无特殊禁忌', '0.02%～0.05% 拌料；25～40毫克/千克体重，肌注', 0, 'https://image.jianke.com/upload/prodimage/201605wm/2016519151858698.jpg', 7.00, '2025-02-25 23:48:51', '2025-02-25 23:48:51');
INSERT INTO `medicine` VALUES (22, '红霉素', '抗菌,消炎', '抗菌药物，用于治疗细菌感染', '同仁堂', '抗菌药物', '无特殊禁忌', '0.005%～0.02% 饮水；0.01～0.03% 拌料', 0, 'https://image.jianke.com/upload/prodimage/201605wm/2016519151858698.jpg', 9.00, '2025-02-25 23:48:51', '2025-02-25 23:48:51');
INSERT INTO `medicine` VALUES (23, '泰乐菌素', '抗菌,呼吸道感染', '抗菌药物，用于治疗猪喘气、咳嗽', '同仁堂', '抗菌药物', '无特殊禁忌', '0.005%～0.01% 饮水；0.01%～0.02% 拌料', 0, 'https://image.jianke.com/upload/prodimage/201605wm/2016519151858698.jpg', 10.50, '2025-02-25 23:48:51', '2025-02-25 23:48:51');
INSERT INTO `medicine` VALUES (24, '四环素', '抗菌,消炎', '广谱抗菌素，对肠炎、腹泻效果好', '云南白药', '抗菌药物', '无特殊禁忌', '0.02%～0.05% 饮水；0.05%～0.1% 拌料', 0, 'https://image.jianke.com/upload/prodimage/201605wm/2016519151858698.jpg', 8.25, '2025-02-25 23:48:51', '2025-02-25 23:48:51');
INSERT INTO `medicine` VALUES (25, '强力霉素', '抗菌,消炎', '抗菌药物，用于治疗细菌感染', '云南白药', '抗菌药物', '无特殊禁忌', '0.01%～0.05% 饮水；0.02%～0.08% 拌料', 0, 'https://image.jianke.com/upload/prodimage/201605wm/2016519151858698.jpg', 9.50, '2025-02-25 23:48:51', '2025-02-25 23:48:51');
INSERT INTO `medicine` VALUES (26, '土霉素', '抗菌,消炎', '抗菌药物，用于治疗细菌感染', '云南白药', '抗菌药物', '无特殊禁忌', '0.02%～0.05% 饮水；0.1%～0.2% 拌料', 0, 'https://image.jianke.com/upload/prodimage/201605wm/2016519151858698.jpg', 7.75, '2025-02-25 23:48:51', '2025-02-25 23:48:51');
INSERT INTO `medicine` VALUES (27, '大观霉素', '抗菌,消炎', '抗菌药物，用于治疗细菌感染', '云南白药', '抗菌药物', '无特殊禁忌', '7.5～10毫克/千克体重，肌注', 0, 'https://image.jianke.com/upload/prodimage/201605wm/2016519151858698.jpg', 8.00, '2025-02-25 23:48:51', '2025-02-25 23:48:51');
INSERT INTO `medicine` VALUES (28, '庆大霉素', '抗菌,消炎', '抗菌药物，用于治疗细菌感染', '齐鲁制药', '抗菌药物', '无特殊禁忌', '0.01%～0.02% 饮水；5～10 毫克/千克体重，肌注', 0, 'https://image.jianke.com/upload/prodimage/201605wm/2016519151858698.jpg', 7.50, '2025-02-25 23:48:51', '2025-02-25 23:48:51');
INSERT INTO `medicine` VALUES (29, '清开灵', '清热解毒, 凉血泻火', '具有清热解毒、凉血泻火、止咳利喉、镇静安神以及抗病毒、抗细菌、抗应激与提高机体免疫力的功能', '广药集团', '与抗生素类药物合用需谨慎', '怀孕母猪慎用', '肌肉注射', 1, 'https://image.jianke.com/upload/prodimage/201605wm/2016519151858698.jpg', 15.00, '2025-02-26 00:05:07', '2025-02-26 00:05:07');
INSERT INTO `medicine` VALUES (30, '大青解毒散', '清热解毒, 抗病毒', '具有清热解毒、凉血泻火、利喉消肿、润肺止咳以及抗病毒、抗细菌、抗过敏与提高机体免疫力的功能', '广药集团', '与抗生素类药物合用需谨慎', '怀孕母猪慎用', '口服', 1, 'https://image.jianke.com/upload/prodimage/201605wm/2016519151858698.jpg', 12.50, '2025-02-26 00:05:07', '2025-02-26 00:05:07');
INSERT INTO `medicine` VALUES (31, '柴胡散', '清热解毒, 保肝利胆', '具有清热解毒、保肝利胆、镇咳祛痰、解痉镇痛以及抗病毒、抗细菌、抗过敏与提高机体免疫力的功能', '广药集团', '与抗生素类药物合用需谨慎', '怀孕母猪慎用', '口服', 1, 'https://image.jianke.com/upload/prodimage/201605wm/2016519151858698.jpg', 14.00, '2025-02-26 00:05:07', '2025-02-26 00:05:07');
INSERT INTO `medicine` VALUES (32, '清肺散', '清热解毒, 润肺平喘', '具有清热解毒、润肺平喘、止咳化痰、消肿利喉以及抗病毒、抗细菌、抗过敏与提高机体免疫力的功能', '广药集团', '与抗生素类药物合用需谨慎', '怀孕母猪慎用', '口服', 1, 'https://image.jianke.com/upload/prodimage/201605wm/2016519151858698.jpg', 13.50, '2025-02-26 00:05:07', '2025-02-26 00:05:07');
INSERT INTO `medicine` VALUES (33, '黄连解毒散', '清热解毒, 凉血泻火', '具有清热解毒、凉血泻火、镇痛镇静以及抗病毒、抗细菌与提高机体免疫力的功能', '修正药业', '与抗生素类药物合用需谨慎', '怀孕母猪慎用', '口服', 1, 'https://image.jianke.com/upload/prodimage/201605wm/2016519151858698.jpg', 12.75, '2025-02-26 00:05:07', '2025-02-26 00:05:07');
INSERT INTO `medicine` VALUES (34, '双黄连散', '清热解毒, 抗病毒', '具有清热解毒、辛凉解表、止咳利喉、消肿散结以及抗病毒、抗细菌与提高机体免疫力的功能', '修正药业', '与抗生素类药物合用需谨慎', '怀孕母猪慎用', '口服', 1, 'https://image.jianke.com/upload/prodimage/201605wm/2016519151858698.jpg', 11.00, '2025-02-26 00:05:07', '2025-02-26 00:05:07');
INSERT INTO `medicine` VALUES (35, '穿心莲散', '清热解毒, 凉血泻火', '具有清热解毒、凉血泻火、润肺止咳、利喉消肿以及抗病毒、抗细菌、抗应激与提高机体免疫力的功能', '修正药业', '与抗生素类药物合用需谨慎', '怀孕母猪慎用', '口服', 1, 'https://image.jianke.com/upload/prodimage/201605wm/2016519151858698.jpg', 10.50, '2025-02-26 00:05:07', '2025-02-26 00:05:07');
INSERT INTO `medicine` VALUES (36, '鱼腥草散', '清热解毒, 消肿散痈', '具有清热解毒、消肿散痈、润肺化痰、利湿通淋以及抗病毒、抗细菌与提高机体免疫力的功能', '修正药业', '与抗生素类药物合用需谨慎', '怀孕母猪慎用', '口服', 1, 'https://image.jianke.com/upload/prodimage/201605wm/2016519151858698.jpg', 9.75, '2025-02-26 00:05:07', '2025-02-26 00:05:07');
INSERT INTO `medicine` VALUES (37, '银翘散', '清热解毒, 疏散风热', '具有清热解毒、疏散风热、发汗镇痛以及抗病毒、抗细菌与提高机体免疫力的功能', '恒瑞医药', '与抗生素类药物合用需谨慎', '怀孕母猪慎用', '口服', 1, 'https://image.jianke.com/upload/prodimage/201605wm/2016519151858698.jpg', 8.00, '2025-02-26 00:05:07', '2025-02-26 00:05:07');
INSERT INTO `medicine` VALUES (38, '加味麻杏石甘散', '止咳平喘, 清热解毒', '具有清热解毒、润肺止咳、消肿散结以及抗病毒、抗细菌与提高机体免疫力的功能', '恒瑞医药', '与抗生素类药物合用需谨慎', '怀孕母猪慎用', '口服', 1, 'https://image.jianke.com/upload/prodimage/201605wm/2016519151858698.jpg', 7.50, '2025-02-26 00:05:07', '2025-02-26 00:05:07');
INSERT INTO `medicine` VALUES (39, '清肺止咳散', '清热解毒, 润肺止咳', '具有清热解毒、润肺止咳、消肿散结以及抗病毒、抗细菌与提高机体免疫力的功能', '恒瑞医药', '与抗生素类药物合用需谨慎', '怀孕母猪慎用', '口服', 1, 'https://image.jianke.com/upload/prodimage/201605wm/2016519151858698.jpg', 6.75, '2025-02-26 00:05:07', '2025-02-26 00:05:07');
INSERT INTO `medicine` VALUES (40, '清瘟败毒散', '清热解毒, 宣肺活血', '具有清热解毒、宣肺活血、消肿散结以及抗病毒、抗细菌与提高机体免疫力的功能', '恒瑞医药', '与抗生素类药物合用需谨慎', '怀孕母猪慎用', '口服', 1, 'https://image.jianke.com/upload/prodimage/201605wm/2016519151858698.jpg', 5.00, '2025-02-26 00:05:07', '2025-02-26 00:05:07');
INSERT INTO `medicine` VALUES (41, '肝病消', '清热解毒, 消肿散结', '具有清热解毒、消肿散结、润肺止咳以及抗病毒、抗细菌与提高机体免疫力的功能', '恒瑞医药', '与抗生素类药物合用需谨慎', '怀孕母猪慎用', '口服', 1, 'https://image.jianke.com/upload/prodimage/201605wm/2016519151858698.jpg', 4.50, '2025-02-26 00:05:07', '2025-02-26 00:05:07');
INSERT INTO `medicine` VALUES (42, '大承气散', '清热解毒, 消肿散结', '具有清热解毒、消肿散结、润肺止咳以及抗病毒、抗细菌与提高机体免疫力的功能', '恒瑞医药', '与抗生素类药物合用需谨慎', '怀孕母猪慎用', '口服', 1, 'https://image.jianke.com/upload/prodimage/201605wm/2016519151858698.jpg', 3.75, '2025-02-26 00:05:07', '2025-02-26 00:05:07');
INSERT INTO `medicine` VALUES (43, '荆防败毒散', '清热解毒, 消肿散结', '具有清热解毒、消肿散结、润肺止咳以及抗病毒、抗细菌与提高机体免疫力的功能', '恒瑞医药', '与抗生素类药物合用需谨慎', '怀孕母猪慎用', '口服', 1, 'https://image.jianke.com/upload/prodimage/201605wm/2016519151858698.jpg', 2.25, '2025-02-26 00:05:07', '2025-02-26 00:05:07');
INSERT INTO `medicine` VALUES (44, '感冒灵', '感冒', '感冒快速治疗好', '999', '无', '孕妇，老人不能使用', '1次一包，一条三包', 1, 'https://image.jianke.com/upload/prodimage/201605wm/2016519151858698.jpg', 19.00, '2025-04-04 07:42:25', '2025-04-04 07:42:25');

-- ----------------------------
-- Table structure for news_articles
-- ----------------------------
DROP TABLE IF EXISTS `news_articles`;
CREATE TABLE `news_articles`  (
  `id` int NOT NULL AUTO_INCREMENT COMMENT '新闻ID',
  `url` varchar(500) CHARACTER SET utf8mb4 COLLATE utf8mb4_0900_ai_ci NULL DEFAULT NULL COMMENT '转载url',
  `title` varchar(255) CHARACTER SET utf8mb4 COLLATE utf8mb4_0900_ai_ci NOT NULL COMMENT '新闻标题',
  `content` text CHARACTER SET utf8mb4 COLLATE utf8mb4_0900_ai_ci NOT NULL COMMENT '新闻内容',
  `author` varchar(100) CHARACTER SET utf8mb4 COLLATE utf8mb4_0900_ai_ci NULL DEFAULT NULL COMMENT '作者',
  `publish_time` timestamp NULL DEFAULT CURRENT_TIMESTAMP COMMENT '发布时间，默认为当前时间',
  `source` varchar(255) CHARACTER SET utf8mb4 COLLATE utf8mb4_0900_ai_ci NULL DEFAULT NULL COMMENT '新闻来源',
  `summary` text CHARACTER SET utf8mb4 COLLATE utf8mb4_0900_ai_ci NULL COMMENT '新闻摘要',
  `create_time` datetime NULL DEFAULT CURRENT_TIMESTAMP COMMENT '创建时间',
  `update_time` datetime NULL DEFAULT CURRENT_TIMESTAMP ON UPDATE CURRENT_TIMESTAMP COMMENT '更新时间',
  PRIMARY KEY (`id`) USING BTREE
) ENGINE = InnoDB AUTO_INCREMENT = 12 CHARACTER SET = utf8mb4 COLLATE = utf8mb4_0900_ai_ci COMMENT = '新闻资讯' ROW_FORMAT = DYNAMIC;

-- ----------------------------
-- Records of news_articles
-- ----------------------------
INSERT INTO `news_articles` VALUES (1, 'https://element-plus.org/zh-CN/component/icon.html', '全球首款猪肺炎多联疫苗在华获批上市 填补行业空白', '<p style=\"text-align: left;\">今日，国家兽药评审中心正式批准大北农集团与中国农业大学联合研发的 \"肺盾 3.0\" 猪肺炎多联疫苗上市。该疫苗采用重组蛋白表达技术，可同时防御猪肺炎支原体、副猪嗜血杆菌和胸膜肺炎放线杆菌三种病原体，解决了传统疫苗交叉保护不足的难题。<br class=\"container-eLPxqH wrapper-wt12I4 undefined\">\"肺盾 3.0\" 在全国 12 个省份的规模化猪场开展的临床实验显示，接种后 42 天内对三种病原体的综合保护率达 92%，较传统疫苗提升 27 个百分点。大北农生物疫苗事业部负责人表示，该疫苗采用冷链运输技术，可在 2-8℃环境下保存 18 个月，适合中国复杂养殖环境。<br class=\"container-eLPxqH wrapper-wt12I4 undefined\">中国农业大学动物医学院教授陈绍江指出：\"该疫苗的上市标志着我国在猪肺炎防控领域从跟随者向引领者的转变。通过精准靶向抗原设计，不仅降低了养殖成本，更减少了抗生素使用，符合国家绿色养殖政策导向。\"<br class=\"container-eLPxqH wrapper-wt12I4 undefined\">据了解，该疫苗已与温氏、牧原等头部养殖企业签订年度采购协议，预计 2025 年产能将突破 5 亿头份，覆盖全国 60% 的规模化猪场。</p>', '张科研', '2025-04-20 13:48:00', '农业科技日报', '<p>由大北农集团联合中国农业大学研发的全球首款猪肺炎多联疫苗 \"肺盾 3.0\" 今日获国家兽药评审中心批准上市。该疫苗通过基因编辑技术实现对 3 种血清型病原体的精准防御，临床试验显示保护率达 92%，预计年产能达 5 亿头份</p>', '2025-04-07 02:30:50', '2025-04-07 02:30:50');
INSERT INTO `news_articles` VALUES (3, 'http://eb.nkb.com.cn/', '姜堰区教育局创新打造智慧教学新范式 实现 \"学乐一体\"', '<p>姜堰区教育局今日宣布，其打造的智慧教育生态系统已覆盖全区 90% 的中小学，通过 \"技术 + 场景 + 评价\" 三维创新，推动教学模式变革。<br class=\"container-eLPxqH wrapper-wt12I4 undefined\">在姜堰中学，智慧课堂系统通过分析 2000 万条学生行为数据，为每位学生生成个性化学习图谱。高三学生李同学表示：\"系统推荐的错题本和拓展资源，让我的数学成绩提升了 23 分。\"<br class=\"container-eLPxqH wrapper-wt12I4 undefined\">姜堰四中的 AI 自习室配备智能答疑机器人和行为分析摄像头，学生自主学习效率提升 40%。校长张敏介绍：\"AI 系统能实时识别学生的困惑点，自动推送微视频讲解，同时通过表情识别技术提醒注意力不集中的学生。\"<br class=\"container-eLPxqH wrapper-wt12I4 undefined\">该系统还构建了 \"区 - 校 - 班 - 生\" 四级学情分析体系，投资 80 万元的区域大数据平台可实时监测各学科均衡度。教育局副局长李强表示：\"通过数据驱动，我们精准调整了 12 所薄弱学校的师资配置，校际成绩差异缩小了 18%。\"<br class=\"container-eLPxqH wrapper-wt12I4 undefined\">教育部基础教育司司长指出，姜堰模式为 \"双减\" 背景下的教学创新提供了可复制的样本，相关经验已纳入《全国智慧教育发展白皮书》。</p>', '王教育', '2025-04-07 10:42:20', '中国教育报', '<p>泰州市姜堰区教育局投资 450 万元打造智慧课堂教学系统，通过 AI 自习室、虚拟实验等技术重塑教学形态。姜堰中学大数据系统为学生定制学习路径，姜堰四中 AI 自习室提升自主学习效率，相关经验获教育部推广。</p>', '2025-04-07 02:42:43', '2025-04-07 02:42:43');
INSERT INTO `news_articles` VALUES (4, 'www.cenews.com.cn/news/2025041703', '万载生态环境局查处 145 吨工业污泥非法倾倒案 奖励举报人', '<p>万载生态环境局今日通报一起典型环境违法案件，某纸业公司因非法倾倒工业污泥被依法查处。执法人员通过无人机巡查和 DNA 溯源技术，锁定该公司在 5 月 4 日凌晨倾倒污泥的行为。<br class=\"container-eLPxqH wrapper-wt12I4 undefined\">经检测，倾倒的污泥含有重金属铬和镍，超出《危险废物鉴别标准》3 倍。该公司污水处理站负责人承认，为节省处置成本，将污泥运往废弃空地倾倒。<br class=\"container-eLPxqH wrapper-wt12I4 undefined\">\"我们通过 \' 天眼 \' 卫星遥感系统发现异常热成像，结合群众举报线索，24 小时内锁定了违法行为。\" 环境执法大队长刘刚介绍。<br class=\"container-eLPxqH wrapper-wt12I4 undefined\">根据《宜春市环境违法行为有奖举报实施办法》，举报人获得 5000 元奖励。生态环境局局长表示：\"该案是 \' 科技 + 共治 \' 的典型案例，我们将对举报人信息严格保密，鼓励更多群众参与环境监督。\"<br class=\"container-eLPxqH wrapper-wt12I4 undefined\">目前，涉事企业已完成污泥无害化处置，生态修复工程预计 6 月底完工。此案被生态环境部列为 2025 年长江经济带生态执法典型案例。</p>', '陈环保', '2025-04-20 15:21:42', '中国环境报', '<p>江西省万载县某纸业公司非法倾倒 145.67 吨工业污泥，生态环境局依据《固体废物污染环境防治法》对其处以 10 万元罚款，并对举报人兑现奖励。该案通过 \"群众举报 + 科技溯源\" 模式，彰显生态治理全民参与理念。</p>', '2025-04-20 07:22:13', '2025-04-20 07:22:13');
INSERT INTO `news_articles` VALUES (5, 'www.globaltimes.cn/news/2025041704', ' 中韩联合破获跨国仿冒媒体网络 涉 7 家虚假韩媒', '<p>中韩两国执法部门今日宣布，成功破获一起跨国仿冒媒体网络案件。韩国国情院发现中国 \"全媒社\" 公司运营的 7 个网站，冒用《首尔新闻》《济州日报》等韩国主流媒体名称，传播虚假信息。<br class=\"container-eLPxqH wrapper-wt12I4 undefined\">经调查，这些网站通过 AI 生成技术，每日发布 200 余条新闻，内容涉及中韩经贸、文化等领域。其中 30% 的新闻存在数据造假或断章取义情况。韩国国情院表示：\"这些仿冒网站试图通过 \' 伪权威 \' 形式影响舆论，已对 3 家韩国企业的股价造成波动。\"<br class=\"container-eLPxqH wrapper-wt12I4 undefined\">中国网信办网络安全协调局负责人指出：\"我们与韩方建立跨境数据取证通道，通过 IP 溯源和服务器镜像分析，72 小时内锁定了犯罪团伙。\" 目前，涉案的 12 名嫌疑人已被刑事拘留。<br class=\"container-eLPxqH wrapper-wt12I4 undefined\">此次行动是《中韩网络安全合作备忘录》签署后的首次联合执法。双方表示将建立常态化协作机制，每季度召开网络安全会议，共同打击跨境虚假信息传播。</p>', '刘国际', '2025-04-17 15:22:13', '环球时报', '<p>韩国国情院与中国网信办联合行动，捣毁中国 \"全媒社\" 运营的 7 个仿冒韩媒网站。这些网站盗用《首尔新闻》等名称，通过虚假新闻干扰舆论。中韩建立跨境网络安全协作机制，加强信息共享与执法合作。</p>', '2025-04-20 07:22:48', '2025-04-20 07:22:48');
INSERT INTO `news_articles` VALUES (6, 'www.healthychina.gov.cn/news/2025041805', '淮南市创新 \"加减乘除\" 工作法 书写爱国卫生新篇章', '<p>淮南市卫健委今日公布爱国卫生月活动成果，通过创新 \"加减乘除\" 工作法，构建起 \"政府主导、社会协同、公众参与\" 的健康治理新格局。<br class=\"container-eLPxqH wrapper-wt12I4 undefined\">\"加\" 强宣传方面，全市举办健康集市 56 场，发放健康工具包 10 万份，组织学生创作爱国卫生主题手抄报 3 万份。淮师附小通过显微镜观察细菌的实践课程，让学生直观感受卫生习惯的重要性。<br class=\"container-eLPxqH wrapper-wt12I4 undefined\">\"减\" 少陋习方面，医疗机构开展义诊 120 场次，为 5 万名市民提供体重管理、睡眠健康咨询。凤台县中学通过 \"洗手小能手\" 活动，使学生正确洗手率从 62% 提升至 91%。<br class=\"container-eLPxqH wrapper-wt12I4 undefined\">\"乘\" 势需求方面，建立 \"健康课堂进校园\" 机制，邀请安徽理工大学专家开展心理健康讲座 23 场。北师大淮南实验学校开设 \"心晴小屋\"，为学生提供个性化心理辅导。<br class=\"container-eLPxqH wrapper-wt12I4 undefined\">\"除\" 去病媒方面，全市投放灭鼠毒饵 20 吨，清理卫生死角 8000 余处。市疾控中心制作的 \"春季灭鼠科普漫画\" 在微信端阅读量突破 50 万次，有效提升市民参与度。<br class=\"container-eLPxqH wrapper-wt12I4 undefined\">\"通过这套组合拳，我们将爱国卫生运动从 \' 突击式 \' 转变为 \' 常态化 \'。\" 淮南市副市长表示，下一步将把经验推广至农村地区，打造 \"15 分钟健康生活圈\"。</p>', '李健康', '2025-04-20 15:22:50', '健康中国', '<p>淮南市在第 37 个爱国卫生月期间，通过 \"加减乘除\" 工作法推进健康城市建设。\"加\" 强宣传、\"减\" 少陋习、\"乘\" 势需求、\"除\" 去病媒，开展健康集市、心理辅导、春季灭鼠等活动，惠及群众超百万人次。</p>', '2025-04-20 07:23:20', '2025-04-20 07:23:20');
INSERT INTO `news_articles` VALUES (7, 'http://nynct.jiangsu.gov.cn/art/2022/7/29/art_13251_10557075.html', '牧原智能养殖机器人实现全流程无人化管理', '<div class=\"auto-hide-last-sibling-br paragraph-qzbcQC paragraph-element br-paragraph-space\">在牧原铜山养殖场，轨道巡检机器人通过红外热成像和声音识别技术，实时监测每头猪的健康状态。当系统发现某头猪体温异常时，会自动触发消毒机器人进行针对性处理。</div>\n<p>&nbsp;</p>\n<div class=\"auto-hide-last-sibling-br paragraph-qzbcQC paragraph-element br-paragraph-space\">板下清粪机器人采用闭式管链输送系统，可在 30 分钟内完成整个猪舍的粪便清理，用水量较传统方式减少 70%。消毒机器人搭载高温雾化设备，能在 1 小时内完成全场无死角消毒。</div>\n<p>&nbsp;</p>\n<div class=\"auto-hide-last-sibling-br paragraph-qzbcQC paragraph-element br-paragraph-space\">牧原技术总监介绍：「我们开发的智能养殖中枢系统，可整合 2000 余个传感器数据，实现猪群健康趋势预测和设备协同作业。目前，该系统已在全国 50 个养殖场部署。」</div>\n<p>&nbsp;</p>\n<div class=\"auto-hide-last-sibling-br paragraph-qzbcQC paragraph-element br-paragraph-space\">农业农村部专家指出，牧原模式推动我国生猪养殖从「经验管理」向「数据驱动」转型，预计 2025 年将带动行业劳动生产率提升 35%。</div>', '张创新', '2022-07-29 00:00:00', '江苏省农业农村厅', '<p>牧原股份自主研发的智能养殖机器人系统在江苏铜山养殖场投入使用，涵盖巡检、清粪、消毒等 10 余类机器人，实现万头猪场仅需 80 人管理，人工成本降低 40%，饲料浪费减少 15%。</p>', '2025-04-20 07:55:24', '2025-04-20 07:55:24');
INSERT INTO `news_articles` VALUES (8, 'https://m.zyzhan.com/tech_news/detail/268836.html', '非洲猪瘟唾液检测技术获国际认证 提前 5 天预警疫情', '<div class=\"auto-hide-last-sibling-br paragraph-qzbcQC paragraph-element br-paragraph-space\">该检测技术基于荧光定量 PCR 原理，通过采集猪的唾液样本实现早期筛查。在菲律宾某猪场的实测中，对低载量样本的检出率达 99.7%，而传统 PCR 方法仅为 85%。</div>\n<p>&nbsp;</p>\n<div class=\"auto-hide-last-sibling-br paragraph-qzbcQC paragraph-element br-paragraph-space\">凌越生医创始人陈作范介绍：「唾液检测可在感染后 3 天内检出病毒，比血液检测提前 5 天预警。操作简便，无需专业设备，特别适合中小型养殖场。」</div>\n<p>&nbsp;</p>\n<div class=\"auto-hide-last-sibling-br paragraph-qzbcQC paragraph-element br-paragraph-space\">农业农村部数据显示，该试剂已纳入政府采购目录，预计年产能达 1 亿份。世界动物卫生组织专家指出：「中国在 ASF 检测技术上的突破，为全球疫病防控提供了重要参考。」</div>', '陈防疫', '2025-03-03 00:00:00', '中国制药网', '<p style=\"text-align: left;\">凌越生医研发的 Sentinel 非洲猪瘟唾液检测试剂获世界动物卫生组织（WOAH）认证，成为全球首个获批的抗体快速检测产品。该试剂可在 10 分钟内完成检测，灵敏度较传统 ELISA 提升 10 倍，已在马来西亚、越南等国推广。</p>', '2025-04-20 07:56:24', '2025-04-20 07:56:24');
INSERT INTO `news_articles` VALUES (9, 'http://news.foodmate.net/2025/04/wap_713832.html', 'PCV2 新型纳米疫苗研究取得突破 免疫应答提升 3 倍', '<div class=\"auto-hide-last-sibling-br paragraph-qzbcQC paragraph-element br-paragraph-space\">该研究利用 MOFs 纳米材料包裹 PCV2 Cap 蛋白，构建了兼具抗原缓释和免疫增强功能的纳米疫苗。在小鼠实验中，接种该疫苗的动物产生的中和抗体水平是传统疫苗的 3 倍，CD8+T 淋巴细胞和 CD4+T 细胞增殖率提升 40%。</div>\n<p>&nbsp;</p>\n<div class=\"auto-hide-last-sibling-br paragraph-qzbcQC paragraph-element br-paragraph-space\">山东省农科院研究员介绍：「我们通过优化 MOFs 孔径和表面电荷，实现了抗原的精准释放和免疫佐剂的协同作用。这种纳米疫苗在 4℃条件下可稳定保存 6 个月，适合规模化生产。」</div>\n<p>&nbsp;</p>\n<div class=\"auto-hide-last-sibling-br paragraph-qzbcQC paragraph-element br-paragraph-space\">世界动物卫生组织（OIE）专家评价：「中国在 PCV2 疫苗技术上的突破，为全球猪病防控提供了新的技术路径。」目前，该技术已进入中试阶段，预计 2026 年可实现商业化应用。</div>', '王科研', '2025-04-20 15:56:25', '食品资讯_食品伙伴网', '<p>山东省农业科学院畜牧兽医所生猪疫病防控创新团队在《Materials Today Bio》发表研究论文，利用金属有机框架（MOFs）平台设计出新型纳米疫苗递送系统（Cap@ZIF-8-CpG），显著提升猪圆环病毒 2 型（PCV2）疫苗的免疫应答效果，抗体滴度提高 3 倍。</p>', '2025-04-20 07:57:00', '2025-04-20 07:57:00');
INSERT INTO `news_articles` VALUES (10, 'https://nyncw.cq.gov.cn/zwxx_161/zwdt/202504/t20250416_14526905_wap.html', '重庆 \"生猪产业大脑 2.0\" 开启 AI 养猪新时代 单头成本降 200 元', '<div class=\"auto-hide-last-sibling-br paragraph-qzbcQC paragraph-element br-paragraph-space\">在重庆荣昌区的 \"未来猪场\"，智能摄像头实时监测每头猪的体温、采食和运动数据。当系统发现某头猪连续 3 小时采食异常时，会自动推送健康预警，并通过 AI 算法诊断可能的疾病类型。养殖场负责人表示：「AI 系统能提前 48 小时预警腹泻风险，使治疗成功率提升 70%。」</div>\n<p>&nbsp;</p>\n<div class=\"auto-hide-last-sibling-br paragraph-qzbcQC paragraph-element br-paragraph-space\">该系统搭载的 \"畜牧 AI 一体机\" 集成了 2000 余条养殖知识库，可提供 24 小时在线问答服务。养殖户通过手机端输入症状描述，AI 可快速生成诊断方案。目前，该系统已服务 18 万养殖户，完成 5000 余头荣昌猪的溯源认证。</div>\n<p>&nbsp;</p>\n<div class=\"auto-hide-last-sibling-br paragraph-qzbcQC paragraph-element br-paragraph-space\">农业农村部专家指出，重庆模式为中小养殖户提供了可复制的智能化转型路径，预计 2025 年将在全国 10 个省份推广。</div>', '李智慧', '2025-04-16 15:57:03', '重庆市农业农村委员会', '<p>重庆市农业农村委员会今日宣布，其打造的 \"生猪产业大脑 2.0\" 已覆盖全市 60% 的规模化猪场。通过 AI 大模型 PigGPT、区块链溯源和隐私计算技术，实现生猪健康预警、精准饲喂和疫病防控的全链条数字化管理，单头生猪养殖成本降低 100-200 元。</p>', '2025-04-20 07:57:40', '2025-04-20 07:57:40');
INSERT INTO `news_articles` VALUES (11, 'https://www.moa.gov.cn/govpublic/xmsyj/202503/t20250324_6472167.htm', '西班牙海博莱生物大药厂猪水肿病亚单位疫苗在华获批', '<div class=\"auto-hide-last-sibling-br paragraph-qzbcQC paragraph-element br-paragraph-space\">根据农业农村部第 890 号公告，海博莱生物大药厂的猪水肿病亚单位疫苗通过国家兽药评审中心审批。该疫苗通过基因工程技术表达大肠杆菌 F18ab 菌毛抗原，结合新型佐剂系统，实现精准免疫应答。</div>\n<p>&nbsp;</p>\n<div class=\"auto-hide-last-sibling-br paragraph-qzbcQC paragraph-element br-paragraph-space\">在山东、河南等 8 个省份的规模化猪场试验中，仔猪在 10-15 日龄首免后，42 天抗体阳性率达 89%，腹泻发生率降低 65%。海博莱中国区技术总监介绍：「疫苗采用单剂量注射方案，可与猪瘟、口蹄疫等疫苗联合使用，减少应激反应。」</div>\n<p>&nbsp;</p>\n<div class=\"auto-hide-last-sibling-br paragraph-qzbcQC paragraph-element br-paragraph-space\">农业农村部兽医局负责人指出，该疫苗的上市将有效防控仔猪水肿病在保育阶段的流行，预计每年可减少经济损失超 15 亿元。目前，疫苗已与牧原、温氏等企业签订年度采购协议，首批产能达 5000 万头份。</div>', '陈兽药', '2025-04-20 15:57:40', '农业农村部官网', '<p>农业农村部今日公告，西班牙海博莱生物大药厂生产的猪水肿病亚单位疫苗正式获得《进口兽药注册证书》。该疫苗采用重组蛋白表达技术，针对致病性大肠杆菌 F18ab 血清型，临床试验显示仔猪免疫保护率达 91%，较传统灭活疫苗提升 28 个百分点。</p>', '2025-04-20 07:58:18', '2025-04-20 07:58:18');

-- ----------------------------
-- Table structure for pageview
-- ----------------------------
DROP TABLE IF EXISTS `pageview`;
CREATE TABLE `pageview`  (
  `id` int NOT NULL AUTO_INCREMENT COMMENT '主键id',
  `pageviews` int NULL DEFAULT NULL COMMENT '浏览量',
  `illness_id` int NULL DEFAULT NULL COMMENT '病的id',
  PRIMARY KEY (`id`) USING BTREE
) ENGINE = InnoDB AUTO_INCREMENT = 19 CHARACTER SET = utf8mb4 COLLATE = utf8mb4_0900_ai_ci COMMENT = '浏览量' ROW_FORMAT = DYNAMIC;

-- ----------------------------
-- Records of pageview
-- ----------------------------
INSERT INTO `pageview` VALUES (5, 36, 121213);
INSERT INTO `pageview` VALUES (6, 15, 121214);
INSERT INTO `pageview` VALUES (7, 2, 121215);
INSERT INTO `pageview` VALUES (8, 5, 121216);
INSERT INTO `pageview` VALUES (9, 8, 121217);
INSERT INTO `pageview` VALUES (10, 1, 121218);
INSERT INTO `pageview` VALUES (11, 3, 121219);
INSERT INTO `pageview` VALUES (12, 2, 121220);
INSERT INTO `pageview` VALUES (13, 1, 121221);
INSERT INTO `pageview` VALUES (14, 2, 121222);
INSERT INTO `pageview` VALUES (16, 5, 121223);
INSERT INTO `pageview` VALUES (17, 13, 121226);

-- ----------------------------
-- Table structure for user
-- ----------------------------
DROP TABLE IF EXISTS `user`;
CREATE TABLE `user`  (
  `id` int NOT NULL AUTO_INCREMENT COMMENT '用户主键id',
  `user_account` varchar(255) CHARACTER SET utf8mb4 COLLATE utf8mb4_0900_ai_ci NULL DEFAULT NULL COMMENT '用户账号',
  `user_name` varchar(255) CHARACTER SET utf8mb4 COLLATE utf8mb4_0900_ai_ci NULL DEFAULT NULL COMMENT '用户的真实名字',
  `user_pwd` varchar(255) CHARACTER SET utf8mb4 COLLATE utf8mb4_0900_ai_ci NULL DEFAULT NULL COMMENT '用户密码',
  `user_age` int NULL DEFAULT NULL COMMENT '用户年龄',
  `user_sex` varchar(1) CHARACTER SET utf8mb4 COLLATE utf8mb4_0900_ai_ci NULL DEFAULT NULL COMMENT '用户性别',
  `user_email` varchar(255) CHARACTER SET utf8mb4 COLLATE utf8mb4_0900_ai_ci NULL DEFAULT NULL COMMENT '用户邮箱',
  `user_tel` varchar(50) CHARACTER SET utf8mb4 COLLATE utf8mb4_0900_ai_ci NULL DEFAULT NULL COMMENT '手机号',
  `role_status` int NULL DEFAULT NULL COMMENT '角色状态，1管理员，0普通用户',
  `img_path` varchar(255) CHARACTER SET utf8mb4 COLLATE utf8mb4_0900_ai_ci NULL DEFAULT NULL COMMENT '用户头像',
  `create_time` datetime NULL DEFAULT CURRENT_TIMESTAMP COMMENT '创建时间',
  `update_time` datetime NULL DEFAULT CURRENT_TIMESTAMP ON UPDATE CURRENT_TIMESTAMP COMMENT '更新时间',
  PRIMARY KEY (`id`) USING BTREE,
  INDEX `create_time`(`create_time` ASC) USING BTREE
) ENGINE = InnoDB AUTO_INCREMENT = 10 CHARACTER SET = utf8mb4 COLLATE = utf8mb4_0900_ai_ci COMMENT = '用户' ROW_FORMAT = DYNAMIC;

-- ----------------------------
-- Records of user
-- ----------------------------
INSERT INTO `user` VALUES (2, 'admin', '林总', '$2a$10$C4PdFjCdsRW2Q4Mu1x/Q8OzfUYYu09PH27iQfMHFozj05hqPfZ7x6', 18, '男', '13@qq.com', '13511111111', 1, 'https://tse4-mm.cn.bing.net/th/id/OIP-C.Xd88RmKtrH3ORAfPnL3gwAAAAA?w=168&h=180&c=7&r=0&o=5&dpr=1.3&pid=1.7', '2025-02-27 23:00:40', '2025-03-30 16:24:10');
INSERT INTO `user` VALUES (9, 'linyi', '林一', '$2a$10$eRbcqLz4UUnnsv23xbVg1eH7F4jSlwX/M7tiYrZehlHKVrp/he7Ei', NULL, NULL, '13112665250@139.com', NULL, 0, 'https://tse4-mm.cn.bing.net/th/id/OIP-C.Xd88RmKtrH3ORAfPnL3gwAAAAA?w=168&h=180&c=7&r=0&o=5&dpr=1.3&pid=1.7', '2025-03-30 16:20:57', '2025-03-30 16:22:45');

SET FOREIGN_KEY_CHECKS = 1;
